/** test용 데이터 */
INSERT INTO USER(user_id, password, nickname, college_email_address, COLLEGE_id) VALUES('wonbinkim', '$2a$16$nPFM5duMaxPRxB3jjh8PGez3hiHOfHE33xwaXkYX8gm76v1b42eJO', '김원빈', 'example@uos.ac.kr', 31);
INSERT INTO USER(user_id, password, nickname, college_email_address, COLLEGE_id) VALUES('user1', '$2a$16$nPFM5duMaxPRxB3jjh8PGez3hiHOfHE33xwaXkYX8gm76v1b42eJO', '채민관', 'example2@uos.ac.kr', 31);
INSERT INTO USER(user_id, password, nickname, college_email_address, COLLEGE_id) VALUES('hahahoho', '$2a$16$RVs9q2q02eeio9jxvI7zmekr49paqO/9OS7RVudqcKSWwwxolEgu6', 'hahahoho', 'me081004@uos.ac.kr', 31);


INSERT INTO EMAIL_AUTH_CODE(email_addr, auth_code, exp_date) VALUES('me081004@uos.ac.kr', '5AG-EC*1', '2022-09-13 14:03:24.839');

INSERT INTO PLACE( place_name, place_address, latitude, longitude, phone) VALUES('맛나식당', '서울 동대문구 망우로10길 44', 37.5871346761732, 127.056588125178, '010-9600-0657');
INSERT INTO PLACE( place_name, place_address, latitude, longitude, phone) VALUES('후문첫집', '서울 동대문구 망우로18다길 44', 37.5853336333097, 127.060851026154, '02-2212-3606');
INSERT INTO PLACE( place_name, place_address, latitude, longitude, phone) VALUES('긴카오 태국식당', '서울 동대문구 망우로18다길 15', 37.586609071414, 127.060865311208, 'null');
INSERT INTO PLACE( place_name, place_address, latitude, longitude, phone) VALUES('은하곱창', '서울 동대문구 전농로15길 22', 37.578129135581044, 127.0564453467807, '02-2247-0254');
INSERT INTO PLACE( place_name, place_address, latitude, longitude, phone) VALUES('산토끼노래동산', '경남 창녕군 이방면 이방로 623', 35.5777087822771, 128.383585226179, '0507-1352-1401');
INSERT INTO PLACE( place_name, place_address, latitude, longitude, phone) VALUES('맛나식당', '서울 동대문구 이문로9길 8', 37.5929896333177, 127.057439406691, '02-959-0155');
INSERT INTO PLACE( place_name, place_address, latitude, longitude, phone) VALUES('맛나순대국', '서울 성북구 보문로40길 30', 37.5918962185389, 127.01515450644, '010-5395-2941');
INSERT INTO PLACE( place_name, place_address, latitude, longitude, phone) VALUES('그래그릭', '서울 광진구 능동로 324-1', 37.5585365741691, 127.080467309703, '070-123-1234');
INSERT INTO PLACE( place_name, place_address, latitude, longitude, phone) VALUES('경희맛나곱창', '서울 동대문구 회기로 148-7', 37.5910420916981, 127.052714070177, '02-959-8788');
INSERT INTO PLACE( place_name, place_address, latitude, longitude, phone) VALUES('놀부만두', '서울 동대문구 망우로16길 15', 37.58936199352348, 127.06150364912116, '02-2241-7550');
INSERT INTO PLACE( place_name, place_address, latitude, longitude, phone) VALUES('서울뼈구이매운족발', '서울 동대문구 왕산로 274-1', 37.5850349055577, 127.051278756793, '02-965-5838');
INSERT INTO PLACE( place_name, place_address, latitude, longitude, phone) VALUES('혜성칼국수', '서울 동대문구 왕산로 247-1', 37.583374451618006, 127.04897707662815, '02-967-6918');
INSERT INTO PLACE( place_name, place_address, latitude, longitude, phone) VALUES('베러댄', '서울 동대문구 망우로 34', 37.58838212495131, 127.05709846071257, null);
INSERT INTO PLACE( place_name, place_address, latitude, longitude, phone) VALUES('너디블루', '서울 동대문구 전농로36길 9', 37.5854270107495, 127.052927490305, null);
INSERT INTO PLACE( place_name, place_address, latitude, longitude, phone) VALUES('소담촌 장안점', '서울 동대문구 사가정로 207', 37.5788600777868, 127.067966022911, '02-2212-1399');
INSERT INTO PLACE( place_name, place_address, latitude, longitude, phone) VALUES('우리지금맛나', '서울 성동구 마조로 17', 37.5595084794146, 127.040563532347, null);
INSERT INTO PLACE( place_name, place_address, latitude, longitude, phone) VALUES('다맛나', '서울 종로구 난계로29길 14', 37.5745671594697, 127.022409524675, null);
INSERT INTO PLACE( place_name, place_address, latitude, longitude, phone) VALUES('맛나슈퍼 사가정점', '서울 중랑구 사가정로51길 18', 37.5815173321948, 127.088075028648, null);
INSERT INTO PLACE( place_name, place_address, latitude, longitude, phone) VALUES('맛나김치찜', '서울 성북구 돌곶이로22나길 16', 37.6098364906251, 127.060763957244, '02-2246-6400');
INSERT INTO PLACE( place_name, place_address, latitude, longitude, phone) VALUES('전주맛나식당', '서울 광진구 자양로53길 50', 37.5553279558697, 127.091811730767, '02-447-2470');
INSERT INTO PLACE( place_name, place_address, latitude, longitude, phone) VALUES('늘맛나족발&보쌈', '서울 성북구 장위로 9', 37.6133201970582, 127.038101001518, '02-919-1999');
INSERT INTO PLACE( place_name, place_address, latitude, longitude, phone) VALUES('참맛나', '서울 노원구 마들로 111', 37.624645282527, 127.067133180436, null);
INSERT INTO PLACE( place_name, place_address, latitude, longitude, phone) VALUES('역전할머니맥주 경희대점', '서울 동대문구 경희대로1길 7', 37.5916227711954, 127.051718072427, '02-6369-9433');
INSERT INTO PLACE( place_name, place_address, latitude, longitude, phone) VALUES('맛나반찬', '경기 광주시 태봉로 51', 37.3887528909629, 127.229643156939, '031-769-0311');
INSERT INTO PLACE( place_name, place_address, latitude, longitude, phone) VALUES('협동조합 성북신나', '서울 성북구 아리랑로19길 101', 37.601123041897864, 127.00842977261175, '070-5104-1402');
INSERT INTO PLACE( place_name, place_address, latitude, longitude, phone) VALUES('숙이네김밥', '서울 동대문구 전농로 210', 37.582979369973, 127.054125836551, '02-2241-9482');
INSERT INTO PLACE( place_name, place_address, latitude, longitude, phone) VALUES('호호브라더스', '서울 동대문구 휘경로 9-5', 37.5963502546787, 127.061178753525, '070-7516-3061');
INSERT INTO PLACE( place_name, place_address, latitude, longitude, phone) VALUES('하하호호용달24', '서울 동대문구 황물로 61-3', 37.5724763538769, 127.048182073114, null);
INSERT INTO PLACE( place_name, place_address, latitude, longitude, phone) VALUES('호호빌', '서울 성북구 화랑로 90-20', 37.601712148135, 127.042495719264, null);
INSERT INTO PLACE( place_name, place_address, latitude, longitude, phone) VALUES('호호네일', '서울 성북구 돌곶이로27길 9', 37.6120882691575, 127.054821950585, '02-916-5507');
INSERT INTO PLACE( place_name, place_address, latitude, longitude, phone) VALUES('엄마손김치', '서울 동대문구 전농로 79-17', 37.5718790505061, 127.05620630917, '010-8879-1211');
INSERT INTO PLACE( place_name, place_address, latitude, longitude, phone) VALUES('진경강화순무우김치직판점', '서울 동대문구 전농로38길 50', 37.5866867758786, 127.054517999859, '02-2213-3338');

INSERT INTO PLACE_LIST_AT_COLLEGE(COLLEGE_id, PLACE_id) values( 28, 6 );
INSERT INTO PLACE_LIST_AT_COLLEGE(COLLEGE_id, PLACE_id) values( 28, 19 );
INSERT INTO PLACE_LIST_AT_COLLEGE(COLLEGE_id, PLACE_id) values( 28, 21 );
INSERT INTO PLACE_LIST_AT_COLLEGE(COLLEGE_id, PLACE_id) values( 28, 22 );
INSERT INTO PLACE_LIST_AT_COLLEGE(COLLEGE_id, PLACE_id) values( 28, 27 );
INSERT INTO PLACE_LIST_AT_COLLEGE(COLLEGE_id, PLACE_id) values( 28, 29 );
INSERT INTO PLACE_LIST_AT_COLLEGE(COLLEGE_id, PLACE_id) values( 28, 30 );
INSERT INTO PLACE_LIST_AT_COLLEGE(COLLEGE_id, PLACE_id) values( 31, 1 );
INSERT INTO PLACE_LIST_AT_COLLEGE(COLLEGE_id, PLACE_id) values( 31, 2 );
INSERT INTO PLACE_LIST_AT_COLLEGE(COLLEGE_id, PLACE_id) values( 31, 3 );
INSERT INTO PLACE_LIST_AT_COLLEGE(COLLEGE_id, PLACE_id) values( 31, 4 );
INSERT INTO PLACE_LIST_AT_COLLEGE(COLLEGE_id, PLACE_id) values( 31, 6 );
INSERT INTO PLACE_LIST_AT_COLLEGE(COLLEGE_id, PLACE_id) values( 31, 7 );
INSERT INTO PLACE_LIST_AT_COLLEGE(COLLEGE_id, PLACE_id) values( 31, 8 );
INSERT INTO PLACE_LIST_AT_COLLEGE(COLLEGE_id, PLACE_id) values( 31, 9 );
INSERT INTO PLACE_LIST_AT_COLLEGE(COLLEGE_id, PLACE_id) values( 31, 10 );
INSERT INTO PLACE_LIST_AT_COLLEGE(COLLEGE_id, PLACE_id) values( 31, 11 );
INSERT INTO PLACE_LIST_AT_COLLEGE(COLLEGE_id, PLACE_id) values( 31, 12 );
INSERT INTO PLACE_LIST_AT_COLLEGE(COLLEGE_id, PLACE_id) values( 31, 13 );
INSERT INTO PLACE_LIST_AT_COLLEGE(COLLEGE_id, PLACE_id) values( 31, 14 );
INSERT INTO PLACE_LIST_AT_COLLEGE(COLLEGE_id, PLACE_id) values( 31, 15 );
INSERT INTO PLACE_LIST_AT_COLLEGE(COLLEGE_id, PLACE_id) values( 31, 16 );
INSERT INTO PLACE_LIST_AT_COLLEGE(COLLEGE_id, PLACE_id) values( 31, 17 );
INSERT INTO PLACE_LIST_AT_COLLEGE(COLLEGE_id, PLACE_id) values( 31, 18 );
INSERT INTO PLACE_LIST_AT_COLLEGE(COLLEGE_id, PLACE_id) values( 31, 19 );
INSERT INTO PLACE_LIST_AT_COLLEGE(COLLEGE_id, PLACE_id) values( 31, 20 );
INSERT INTO PLACE_LIST_AT_COLLEGE(COLLEGE_id, PLACE_id) values( 31, 21 );
INSERT INTO PLACE_LIST_AT_COLLEGE(COLLEGE_id, PLACE_id) values( 31, 22 );
INSERT INTO PLACE_LIST_AT_COLLEGE(COLLEGE_id, PLACE_id) values( 31, 23 );
INSERT INTO PLACE_LIST_AT_COLLEGE(COLLEGE_id, PLACE_id) values( 31, 25 );
INSERT INTO PLACE_LIST_AT_COLLEGE(COLLEGE_id, PLACE_id) values( 31, 26 );
INSERT INTO PLACE_LIST_AT_COLLEGE(COLLEGE_id, PLACE_id) values( 31, 27 );
INSERT INTO PLACE_LIST_AT_COLLEGE(COLLEGE_id, PLACE_id) values( 31, 28 );
INSERT INTO PLACE_LIST_AT_COLLEGE(COLLEGE_id, PLACE_id) values( 31, 29 );
INSERT INTO PLACE_LIST_AT_COLLEGE(COLLEGE_id, PLACE_id) values( 31, 30 );
INSERT INTO PLACE_LIST_AT_COLLEGE(COLLEGE_id, PLACE_id) values( 31, 31 );
INSERT INTO PLACE_LIST_AT_COLLEGE(COLLEGE_id, PLACE_id) values( 31, 32 );
INSERT INTO PLACE_LIST_AT_COLLEGE(COLLEGE_id, PLACE_id) values( 37, 4 );
INSERT INTO PLACE_LIST_AT_COLLEGE(COLLEGE_id, PLACE_id) values( 37, 6 );
INSERT INTO PLACE_LIST_AT_COLLEGE(COLLEGE_id, PLACE_id) values( 37, 7 );
INSERT INTO PLACE_LIST_AT_COLLEGE(COLLEGE_id, PLACE_id) values( 37, 9 );
INSERT INTO PLACE_LIST_AT_COLLEGE(COLLEGE_id, PLACE_id) values( 37, 11 );
INSERT INTO PLACE_LIST_AT_COLLEGE(COLLEGE_id, PLACE_id) values( 37, 12 );
INSERT INTO PLACE_LIST_AT_COLLEGE(COLLEGE_id, PLACE_id) values( 37, 13 );
INSERT INTO PLACE_LIST_AT_COLLEGE(COLLEGE_id, PLACE_id) values( 37, 14 );
INSERT INTO PLACE_LIST_AT_COLLEGE(COLLEGE_id, PLACE_id) values( 37, 16 );
INSERT INTO PLACE_LIST_AT_COLLEGE(COLLEGE_id, PLACE_id) values( 37, 17 );
INSERT INTO PLACE_LIST_AT_COLLEGE(COLLEGE_id, PLACE_id) values( 37, 21 );
INSERT INTO PLACE_LIST_AT_COLLEGE(COLLEGE_id, PLACE_id) values( 37, 23 );
INSERT INTO PLACE_LIST_AT_COLLEGE(COLLEGE_id, PLACE_id) values( 37, 25 );
INSERT INTO PLACE_LIST_AT_COLLEGE(COLLEGE_id, PLACE_id) values( 37, 26 );
INSERT INTO PLACE_LIST_AT_COLLEGE(COLLEGE_id, PLACE_id) values( 37, 28 );
INSERT INTO PLACE_LIST_AT_COLLEGE(COLLEGE_id, PLACE_id) values( 37, 29 );
INSERT INTO PLACE_LIST_AT_COLLEGE(COLLEGE_id, PLACE_id) values( 37, 31 );
INSERT INTO PLACE_LIST_AT_COLLEGE(COLLEGE_id, PLACE_id) values( 37, 32 );
INSERT INTO PLACE_LIST_AT_COLLEGE(COLLEGE_id, PLACE_id) values( 40, 4 );
INSERT INTO PLACE_LIST_AT_COLLEGE(COLLEGE_id, PLACE_id) values( 40, 8 );
INSERT INTO PLACE_LIST_AT_COLLEGE(COLLEGE_id, PLACE_id) values( 40, 15 );
INSERT INTO PLACE_LIST_AT_COLLEGE(COLLEGE_id, PLACE_id) values( 40, 16 );
INSERT INTO PLACE_LIST_AT_COLLEGE(COLLEGE_id, PLACE_id) values( 40, 18 );
INSERT INTO PLACE_LIST_AT_COLLEGE(COLLEGE_id, PLACE_id) values( 40, 20 );
INSERT INTO PLACE_LIST_AT_COLLEGE(COLLEGE_id, PLACE_id) values( 40, 28 );
INSERT INTO PLACE_LIST_AT_COLLEGE(COLLEGE_id, PLACE_id) values( 40, 31 );
INSERT INTO PLACE_LIST_AT_COLLEGE(COLLEGE_id, PLACE_id) values( 55, 4 );
INSERT INTO PLACE_LIST_AT_COLLEGE(COLLEGE_id, PLACE_id) values( 55, 6 );
INSERT INTO PLACE_LIST_AT_COLLEGE(COLLEGE_id, PLACE_id) values( 55, 7 );
INSERT INTO PLACE_LIST_AT_COLLEGE(COLLEGE_id, PLACE_id) values( 55, 8 );
INSERT INTO PLACE_LIST_AT_COLLEGE(COLLEGE_id, PLACE_id) values( 55, 9 );
INSERT INTO PLACE_LIST_AT_COLLEGE(COLLEGE_id, PLACE_id) values( 55, 10 );
INSERT INTO PLACE_LIST_AT_COLLEGE(COLLEGE_id, PLACE_id) values( 55, 11 );
INSERT INTO PLACE_LIST_AT_COLLEGE(COLLEGE_id, PLACE_id) values( 55, 12 );
INSERT INTO PLACE_LIST_AT_COLLEGE(COLLEGE_id, PLACE_id) values( 55, 13 );
INSERT INTO PLACE_LIST_AT_COLLEGE(COLLEGE_id, PLACE_id) values( 55, 14 );
INSERT INTO PLACE_LIST_AT_COLLEGE(COLLEGE_id, PLACE_id) values( 55, 15 );
INSERT INTO PLACE_LIST_AT_COLLEGE(COLLEGE_id, PLACE_id) values( 55, 16 );
INSERT INTO PLACE_LIST_AT_COLLEGE(COLLEGE_id, PLACE_id) values( 55, 17 );
INSERT INTO PLACE_LIST_AT_COLLEGE(COLLEGE_id, PLACE_id) values( 55, 18 );
INSERT INTO PLACE_LIST_AT_COLLEGE(COLLEGE_id, PLACE_id) values( 55, 19 );
INSERT INTO PLACE_LIST_AT_COLLEGE(COLLEGE_id, PLACE_id) values( 55, 21 );
INSERT INTO PLACE_LIST_AT_COLLEGE(COLLEGE_id, PLACE_id) values( 55, 22 );
INSERT INTO PLACE_LIST_AT_COLLEGE(COLLEGE_id, PLACE_id) values( 55, 23 );
INSERT INTO PLACE_LIST_AT_COLLEGE(COLLEGE_id, PLACE_id) values( 55, 25 );
INSERT INTO PLACE_LIST_AT_COLLEGE(COLLEGE_id, PLACE_id) values( 55, 26 );
INSERT INTO PLACE_LIST_AT_COLLEGE(COLLEGE_id, PLACE_id) values( 55, 27 );
INSERT INTO PLACE_LIST_AT_COLLEGE(COLLEGE_id, PLACE_id) values( 55, 28 );
INSERT INTO PLACE_LIST_AT_COLLEGE(COLLEGE_id, PLACE_id) values( 55, 29 );
INSERT INTO PLACE_LIST_AT_COLLEGE(COLLEGE_id, PLACE_id) values( 55, 30 );
INSERT INTO PLACE_LIST_AT_COLLEGE(COLLEGE_id, PLACE_id) values( 55, 31 );
INSERT INTO PLACE_LIST_AT_COLLEGE(COLLEGE_id, PLACE_id) values( 55, 32 );
INSERT INTO PLACE_LIST_AT_COLLEGE(COLLEGE_id, PLACE_id) values( 57, 4 );
INSERT INTO PLACE_LIST_AT_COLLEGE(COLLEGE_id, PLACE_id) values( 57, 6 );
INSERT INTO PLACE_LIST_AT_COLLEGE(COLLEGE_id, PLACE_id) values( 57, 7 );
INSERT INTO PLACE_LIST_AT_COLLEGE(COLLEGE_id, PLACE_id) values( 57, 9 );
INSERT INTO PLACE_LIST_AT_COLLEGE(COLLEGE_id, PLACE_id) values( 57, 10 );
INSERT INTO PLACE_LIST_AT_COLLEGE(COLLEGE_id, PLACE_id) values( 57, 11 );
INSERT INTO PLACE_LIST_AT_COLLEGE(COLLEGE_id, PLACE_id) values( 57, 12 );
INSERT INTO PLACE_LIST_AT_COLLEGE(COLLEGE_id, PLACE_id) values( 57, 13 );
INSERT INTO PLACE_LIST_AT_COLLEGE(COLLEGE_id, PLACE_id) values( 57, 14 );
INSERT INTO PLACE_LIST_AT_COLLEGE(COLLEGE_id, PLACE_id) values( 57, 15 );
INSERT INTO PLACE_LIST_AT_COLLEGE(COLLEGE_id, PLACE_id) values( 57, 16 );
INSERT INTO PLACE_LIST_AT_COLLEGE(COLLEGE_id, PLACE_id) values( 57, 17 );
INSERT INTO PLACE_LIST_AT_COLLEGE(COLLEGE_id, PLACE_id) values( 57, 19 );
INSERT INTO PLACE_LIST_AT_COLLEGE(COLLEGE_id, PLACE_id) values( 57, 21 );
INSERT INTO PLACE_LIST_AT_COLLEGE(COLLEGE_id, PLACE_id) values( 57, 23 );
INSERT INTO PLACE_LIST_AT_COLLEGE(COLLEGE_id, PLACE_id) values( 57, 25 );
INSERT INTO PLACE_LIST_AT_COLLEGE(COLLEGE_id, PLACE_id) values( 57, 26 );
INSERT INTO PLACE_LIST_AT_COLLEGE(COLLEGE_id, PLACE_id) values( 57, 27 );
INSERT INTO PLACE_LIST_AT_COLLEGE(COLLEGE_id, PLACE_id) values( 57, 28 );
INSERT INTO PLACE_LIST_AT_COLLEGE(COLLEGE_id, PLACE_id) values( 57, 29 );
INSERT INTO PLACE_LIST_AT_COLLEGE(COLLEGE_id, PLACE_id) values( 57, 30 );
INSERT INTO PLACE_LIST_AT_COLLEGE(COLLEGE_id, PLACE_id) values( 57, 31 );
INSERT INTO PLACE_LIST_AT_COLLEGE(COLLEGE_id, PLACE_id) values( 57, 32 );
INSERT INTO PLACE_LIST_AT_COLLEGE(COLLEGE_id, PLACE_id) values( 62, 4 );
INSERT INTO PLACE_LIST_AT_COLLEGE(COLLEGE_id, PLACE_id) values( 62, 6 );
INSERT INTO PLACE_LIST_AT_COLLEGE(COLLEGE_id, PLACE_id) values( 62, 7 );
INSERT INTO PLACE_LIST_AT_COLLEGE(COLLEGE_id, PLACE_id) values( 62, 9 );
INSERT INTO PLACE_LIST_AT_COLLEGE(COLLEGE_id, PLACE_id) values( 62, 10 );
INSERT INTO PLACE_LIST_AT_COLLEGE(COLLEGE_id, PLACE_id) values( 62, 11 );
INSERT INTO PLACE_LIST_AT_COLLEGE(COLLEGE_id, PLACE_id) values( 62, 12 );
INSERT INTO PLACE_LIST_AT_COLLEGE(COLLEGE_id, PLACE_id) values( 62, 13 );
INSERT INTO PLACE_LIST_AT_COLLEGE(COLLEGE_id, PLACE_id) values( 62, 14 );
INSERT INTO PLACE_LIST_AT_COLLEGE(COLLEGE_id, PLACE_id) values( 62, 15 );
INSERT INTO PLACE_LIST_AT_COLLEGE(COLLEGE_id, PLACE_id) values( 62, 18 );
INSERT INTO PLACE_LIST_AT_COLLEGE(COLLEGE_id, PLACE_id) values( 62, 19 );
INSERT INTO PLACE_LIST_AT_COLLEGE(COLLEGE_id, PLACE_id) values( 62, 21 );
INSERT INTO PLACE_LIST_AT_COLLEGE(COLLEGE_id, PLACE_id) values( 62, 22 );
INSERT INTO PLACE_LIST_AT_COLLEGE(COLLEGE_id, PLACE_id) values( 62, 23 );
INSERT INTO PLACE_LIST_AT_COLLEGE(COLLEGE_id, PLACE_id) values( 62, 25 );
INSERT INTO PLACE_LIST_AT_COLLEGE(COLLEGE_id, PLACE_id) values( 62, 26 );
INSERT INTO PLACE_LIST_AT_COLLEGE(COLLEGE_id, PLACE_id) values( 62, 27 );
INSERT INTO PLACE_LIST_AT_COLLEGE(COLLEGE_id, PLACE_id) values( 62, 29 );
INSERT INTO PLACE_LIST_AT_COLLEGE(COLLEGE_id, PLACE_id) values( 62, 30 );
INSERT INTO PLACE_LIST_AT_COLLEGE(COLLEGE_id, PLACE_id) values( 62, 32 );
INSERT INTO PLACE_LIST_AT_COLLEGE(COLLEGE_id, PLACE_id) values( 65, 7 );
INSERT INTO PLACE_LIST_AT_COLLEGE(COLLEGE_id, PLACE_id) values( 65, 17 );
INSERT INTO PLACE_LIST_AT_COLLEGE(COLLEGE_id, PLACE_id) values( 65, 21 );
INSERT INTO PLACE_LIST_AT_COLLEGE(COLLEGE_id, PLACE_id) values( 65, 25 );
INSERT INTO PLACE_LIST_AT_COLLEGE(COLLEGE_id, PLACE_id) values( 65, 29 );
INSERT INTO PLACE_LIST_AT_COLLEGE(COLLEGE_id, PLACE_id) values( 65, 30 );
INSERT INTO PLACE_LIST_AT_COLLEGE(COLLEGE_id, PLACE_id) values( 80, 21 );
INSERT INTO PLACE_LIST_AT_COLLEGE(COLLEGE_id, PLACE_id) values( 81, 7 );
INSERT INTO PLACE_LIST_AT_COLLEGE(COLLEGE_id, PLACE_id) values( 81, 16 );
INSERT INTO PLACE_LIST_AT_COLLEGE(COLLEGE_id, PLACE_id) values( 81, 17 );
INSERT INTO PLACE_LIST_AT_COLLEGE(COLLEGE_id, PLACE_id) values( 81, 25 );
INSERT INTO PLACE_LIST_AT_COLLEGE(COLLEGE_id, PLACE_id) values( 81, 28 );
INSERT INTO PLACE_LIST_AT_COLLEGE(COLLEGE_id, PLACE_id) values( 83, 4 );
INSERT INTO PLACE_LIST_AT_COLLEGE(COLLEGE_id, PLACE_id) values( 83, 6 );
INSERT INTO PLACE_LIST_AT_COLLEGE(COLLEGE_id, PLACE_id) values( 83, 7 );
INSERT INTO PLACE_LIST_AT_COLLEGE(COLLEGE_id, PLACE_id) values( 83, 9 );
INSERT INTO PLACE_LIST_AT_COLLEGE(COLLEGE_id, PLACE_id) values( 83, 10 );
INSERT INTO PLACE_LIST_AT_COLLEGE(COLLEGE_id, PLACE_id) values( 83, 11 );
INSERT INTO PLACE_LIST_AT_COLLEGE(COLLEGE_id, PLACE_id) values( 83, 12 );
INSERT INTO PLACE_LIST_AT_COLLEGE(COLLEGE_id, PLACE_id) values( 83, 13 );
INSERT INTO PLACE_LIST_AT_COLLEGE(COLLEGE_id, PLACE_id) values( 83, 14 );
INSERT INTO PLACE_LIST_AT_COLLEGE(COLLEGE_id, PLACE_id) values( 83, 15 );
INSERT INTO PLACE_LIST_AT_COLLEGE(COLLEGE_id, PLACE_id) values( 83, 17 );
INSERT INTO PLACE_LIST_AT_COLLEGE(COLLEGE_id, PLACE_id) values( 83, 18 );
INSERT INTO PLACE_LIST_AT_COLLEGE(COLLEGE_id, PLACE_id) values( 83, 19 );
INSERT INTO PLACE_LIST_AT_COLLEGE(COLLEGE_id, PLACE_id) values( 83, 21 );
INSERT INTO PLACE_LIST_AT_COLLEGE(COLLEGE_id, PLACE_id) values( 83, 22 );
INSERT INTO PLACE_LIST_AT_COLLEGE(COLLEGE_id, PLACE_id) values( 83, 23 );
INSERT INTO PLACE_LIST_AT_COLLEGE(COLLEGE_id, PLACE_id) values( 83, 25 );
INSERT INTO PLACE_LIST_AT_COLLEGE(COLLEGE_id, PLACE_id) values( 83, 26 );
INSERT INTO PLACE_LIST_AT_COLLEGE(COLLEGE_id, PLACE_id) values( 83, 27 );
INSERT INTO PLACE_LIST_AT_COLLEGE(COLLEGE_id, PLACE_id) values( 83, 28 );
INSERT INTO PLACE_LIST_AT_COLLEGE(COLLEGE_id, PLACE_id) values( 83, 29 );
INSERT INTO PLACE_LIST_AT_COLLEGE(COLLEGE_id, PLACE_id) values( 83, 30 );
INSERT INTO PLACE_LIST_AT_COLLEGE(COLLEGE_id, PLACE_id) values( 83, 31 );
INSERT INTO PLACE_LIST_AT_COLLEGE(COLLEGE_id, PLACE_id) values( 83, 32 );
INSERT INTO PLACE_LIST_AT_COLLEGE(COLLEGE_id, PLACE_id) values( 96, 22 );
INSERT INTO PLACE_LIST_AT_COLLEGE(COLLEGE_id, PLACE_id) values( 97, 25 );
INSERT INTO PLACE_LIST_AT_COLLEGE(COLLEGE_id, PLACE_id) values( 101, 6 );
INSERT INTO PLACE_LIST_AT_COLLEGE(COLLEGE_id, PLACE_id) values( 101, 7 );
INSERT INTO PLACE_LIST_AT_COLLEGE(COLLEGE_id, PLACE_id) values( 101, 9 );
INSERT INTO PLACE_LIST_AT_COLLEGE(COLLEGE_id, PLACE_id) values( 101, 11 );
INSERT INTO PLACE_LIST_AT_COLLEGE(COLLEGE_id, PLACE_id) values( 101, 12 );
INSERT INTO PLACE_LIST_AT_COLLEGE(COLLEGE_id, PLACE_id) values( 101, 13 );
INSERT INTO PLACE_LIST_AT_COLLEGE(COLLEGE_id, PLACE_id) values( 101, 14 );
INSERT INTO PLACE_LIST_AT_COLLEGE(COLLEGE_id, PLACE_id) values( 101, 17 );
INSERT INTO PLACE_LIST_AT_COLLEGE(COLLEGE_id, PLACE_id) values( 101, 19 );
INSERT INTO PLACE_LIST_AT_COLLEGE(COLLEGE_id, PLACE_id) values( 101, 21 );
INSERT INTO PLACE_LIST_AT_COLLEGE(COLLEGE_id, PLACE_id) values( 101, 22 );
INSERT INTO PLACE_LIST_AT_COLLEGE(COLLEGE_id, PLACE_id) values( 101, 23 );
INSERT INTO PLACE_LIST_AT_COLLEGE(COLLEGE_id, PLACE_id) values( 101, 25 );
INSERT INTO PLACE_LIST_AT_COLLEGE(COLLEGE_id, PLACE_id) values( 101, 27 );
INSERT INTO PLACE_LIST_AT_COLLEGE(COLLEGE_id, PLACE_id) values( 101, 29 );
INSERT INTO PLACE_LIST_AT_COLLEGE(COLLEGE_id, PLACE_id) values( 101, 30 );
INSERT INTO PLACE_LIST_AT_COLLEGE(COLLEGE_id, PLACE_id) values( 101, 32 );
INSERT INTO PLACE_LIST_AT_COLLEGE(COLLEGE_id, PLACE_id) values( 103, 6 );
INSERT INTO PLACE_LIST_AT_COLLEGE(COLLEGE_id, PLACE_id) values( 103, 19 );
INSERT INTO PLACE_LIST_AT_COLLEGE(COLLEGE_id, PLACE_id) values( 103, 21 );
INSERT INTO PLACE_LIST_AT_COLLEGE(COLLEGE_id, PLACE_id) values( 103, 22 );
INSERT INTO PLACE_LIST_AT_COLLEGE(COLLEGE_id, PLACE_id) values( 103, 27 );
INSERT INTO PLACE_LIST_AT_COLLEGE(COLLEGE_id, PLACE_id) values( 103, 30 );
INSERT INTO PLACE_LIST_AT_COLLEGE(COLLEGE_id, PLACE_id) values( 104, 24 );
INSERT INTO PLACE_LIST_AT_COLLEGE(COLLEGE_id, PLACE_id) values( 109, 7 );
INSERT INTO PLACE_LIST_AT_COLLEGE(COLLEGE_id, PLACE_id) values( 109, 12 );
INSERT INTO PLACE_LIST_AT_COLLEGE(COLLEGE_id, PLACE_id) values( 109, 17 );
INSERT INTO PLACE_LIST_AT_COLLEGE(COLLEGE_id, PLACE_id) values( 109, 21 );
INSERT INTO PLACE_LIST_AT_COLLEGE(COLLEGE_id, PLACE_id) values( 109, 25 );
INSERT INTO PLACE_LIST_AT_COLLEGE(COLLEGE_id, PLACE_id) values( 109, 29 );
INSERT INTO PLACE_LIST_AT_COLLEGE(COLLEGE_id, PLACE_id) values( 110, 4 );
INSERT INTO PLACE_LIST_AT_COLLEGE(COLLEGE_id, PLACE_id) values( 110, 6 );
INSERT INTO PLACE_LIST_AT_COLLEGE(COLLEGE_id, PLACE_id) values( 110, 7 );
INSERT INTO PLACE_LIST_AT_COLLEGE(COLLEGE_id, PLACE_id) values( 110, 9 );
INSERT INTO PLACE_LIST_AT_COLLEGE(COLLEGE_id, PLACE_id) values( 110, 10 );
INSERT INTO PLACE_LIST_AT_COLLEGE(COLLEGE_id, PLACE_id) values( 110, 11 );
INSERT INTO PLACE_LIST_AT_COLLEGE(COLLEGE_id, PLACE_id) values( 110, 12 );
INSERT INTO PLACE_LIST_AT_COLLEGE(COLLEGE_id, PLACE_id) values( 110, 13 );
INSERT INTO PLACE_LIST_AT_COLLEGE(COLLEGE_id, PLACE_id) values( 110, 14 );
INSERT INTO PLACE_LIST_AT_COLLEGE(COLLEGE_id, PLACE_id) values( 110, 15 );
INSERT INTO PLACE_LIST_AT_COLLEGE(COLLEGE_id, PLACE_id) values( 110, 16 );
INSERT INTO PLACE_LIST_AT_COLLEGE(COLLEGE_id, PLACE_id) values( 110, 17 );
INSERT INTO PLACE_LIST_AT_COLLEGE(COLLEGE_id, PLACE_id) values( 110, 19 );
INSERT INTO PLACE_LIST_AT_COLLEGE(COLLEGE_id, PLACE_id) values( 110, 21 );
INSERT INTO PLACE_LIST_AT_COLLEGE(COLLEGE_id, PLACE_id) values( 110, 23 );
INSERT INTO PLACE_LIST_AT_COLLEGE(COLLEGE_id, PLACE_id) values( 110, 25 );
INSERT INTO PLACE_LIST_AT_COLLEGE(COLLEGE_id, PLACE_id) values( 110, 26 );
INSERT INTO PLACE_LIST_AT_COLLEGE(COLLEGE_id, PLACE_id) values( 110, 27 );
INSERT INTO PLACE_LIST_AT_COLLEGE(COLLEGE_id, PLACE_id) values( 110, 28 );
INSERT INTO PLACE_LIST_AT_COLLEGE(COLLEGE_id, PLACE_id) values( 110, 29 );
INSERT INTO PLACE_LIST_AT_COLLEGE(COLLEGE_id, PLACE_id) values( 110, 30 );
INSERT INTO PLACE_LIST_AT_COLLEGE(COLLEGE_id, PLACE_id) values( 110, 31 );
INSERT INTO PLACE_LIST_AT_COLLEGE(COLLEGE_id, PLACE_id) values( 110, 32 );
INSERT INTO PLACE_LIST_AT_COLLEGE(COLLEGE_id, PLACE_id) values( 112, 4 );
INSERT INTO PLACE_LIST_AT_COLLEGE(COLLEGE_id, PLACE_id) values( 112, 6 );
INSERT INTO PLACE_LIST_AT_COLLEGE(COLLEGE_id, PLACE_id) values( 112, 8 );
INSERT INTO PLACE_LIST_AT_COLLEGE(COLLEGE_id, PLACE_id) values( 112, 9 );
INSERT INTO PLACE_LIST_AT_COLLEGE(COLLEGE_id, PLACE_id) values( 112, 10 );
INSERT INTO PLACE_LIST_AT_COLLEGE(COLLEGE_id, PLACE_id) values( 112, 11 );
INSERT INTO PLACE_LIST_AT_COLLEGE(COLLEGE_id, PLACE_id) values( 112, 12 );
INSERT INTO PLACE_LIST_AT_COLLEGE(COLLEGE_id, PLACE_id) values( 112, 13 );
INSERT INTO PLACE_LIST_AT_COLLEGE(COLLEGE_id, PLACE_id) values( 112, 14 );
INSERT INTO PLACE_LIST_AT_COLLEGE(COLLEGE_id, PLACE_id) values( 112, 15 );
INSERT INTO PLACE_LIST_AT_COLLEGE(COLLEGE_id, PLACE_id) values( 112, 16 );
INSERT INTO PLACE_LIST_AT_COLLEGE(COLLEGE_id, PLACE_id) values( 112, 18 );
INSERT INTO PLACE_LIST_AT_COLLEGE(COLLEGE_id, PLACE_id) values( 112, 20 );
INSERT INTO PLACE_LIST_AT_COLLEGE(COLLEGE_id, PLACE_id) values( 112, 23 );
INSERT INTO PLACE_LIST_AT_COLLEGE(COLLEGE_id, PLACE_id) values( 112, 26 );
INSERT INTO PLACE_LIST_AT_COLLEGE(COLLEGE_id, PLACE_id) values( 112, 28 );
INSERT INTO PLACE_LIST_AT_COLLEGE(COLLEGE_id, PLACE_id) values( 112, 31 );
INSERT INTO PLACE_LIST_AT_COLLEGE(COLLEGE_id, PLACE_id) values( 112, 32 );
INSERT INTO PLACE_LIST_AT_COLLEGE(COLLEGE_id, PLACE_id) values( 143, 8 );
INSERT INTO PLACE_LIST_AT_COLLEGE(COLLEGE_id, PLACE_id) values( 143, 15 );
INSERT INTO PLACE_LIST_AT_COLLEGE(COLLEGE_id, PLACE_id) values( 143, 18 );
INSERT INTO PLACE_LIST_AT_COLLEGE(COLLEGE_id, PLACE_id) values( 143, 20 );
INSERT INTO PLACE_LIST_AT_COLLEGE(COLLEGE_id, PLACE_id) values( 143, 31 );
INSERT INTO PLACE_LIST_AT_COLLEGE(COLLEGE_id, PLACE_id) values( 160, 19 );
INSERT INTO PLACE_LIST_AT_COLLEGE(COLLEGE_id, PLACE_id) values( 160, 21 );
INSERT INTO PLACE_LIST_AT_COLLEGE(COLLEGE_id, PLACE_id) values( 160, 22 );
INSERT INTO PLACE_LIST_AT_COLLEGE(COLLEGE_id, PLACE_id) values( 160, 30 );
INSERT INTO PLACE_LIST_AT_COLLEGE(COLLEGE_id, PLACE_id) values( 161, 4 );
INSERT INTO PLACE_LIST_AT_COLLEGE(COLLEGE_id, PLACE_id) values( 161, 6 );
INSERT INTO PLACE_LIST_AT_COLLEGE(COLLEGE_id, PLACE_id) values( 161, 7 );
INSERT INTO PLACE_LIST_AT_COLLEGE(COLLEGE_id, PLACE_id) values( 161, 8 );
INSERT INTO PLACE_LIST_AT_COLLEGE(COLLEGE_id, PLACE_id) values( 161, 9 );
INSERT INTO PLACE_LIST_AT_COLLEGE(COLLEGE_id, PLACE_id) values( 161, 10 );
INSERT INTO PLACE_LIST_AT_COLLEGE(COLLEGE_id, PLACE_id) values( 161, 11 );
INSERT INTO PLACE_LIST_AT_COLLEGE(COLLEGE_id, PLACE_id) values( 161, 12 );
INSERT INTO PLACE_LIST_AT_COLLEGE(COLLEGE_id, PLACE_id) values( 161, 13 );
INSERT INTO PLACE_LIST_AT_COLLEGE(COLLEGE_id, PLACE_id) values( 161, 14 );
INSERT INTO PLACE_LIST_AT_COLLEGE(COLLEGE_id, PLACE_id) values( 161, 15 );
INSERT INTO PLACE_LIST_AT_COLLEGE(COLLEGE_id, PLACE_id) values( 161, 16 );
INSERT INTO PLACE_LIST_AT_COLLEGE(COLLEGE_id, PLACE_id) values( 161, 17 );
INSERT INTO PLACE_LIST_AT_COLLEGE(COLLEGE_id, PLACE_id) values( 161, 18 );
INSERT INTO PLACE_LIST_AT_COLLEGE(COLLEGE_id, PLACE_id) values( 161, 19 );
INSERT INTO PLACE_LIST_AT_COLLEGE(COLLEGE_id, PLACE_id) values( 161, 21 );
INSERT INTO PLACE_LIST_AT_COLLEGE(COLLEGE_id, PLACE_id) values( 161, 22 );
INSERT INTO PLACE_LIST_AT_COLLEGE(COLLEGE_id, PLACE_id) values( 161, 23 );
INSERT INTO PLACE_LIST_AT_COLLEGE(COLLEGE_id, PLACE_id) values( 161, 25 );
INSERT INTO PLACE_LIST_AT_COLLEGE(COLLEGE_id, PLACE_id) values( 161, 26 );
INSERT INTO PLACE_LIST_AT_COLLEGE(COLLEGE_id, PLACE_id) values( 161, 27 );
INSERT INTO PLACE_LIST_AT_COLLEGE(COLLEGE_id, PLACE_id) values( 161, 28 );
INSERT INTO PLACE_LIST_AT_COLLEGE(COLLEGE_id, PLACE_id) values( 161, 29 );
INSERT INTO PLACE_LIST_AT_COLLEGE(COLLEGE_id, PLACE_id) values( 161, 30 );
INSERT INTO PLACE_LIST_AT_COLLEGE(COLLEGE_id, PLACE_id) values( 161, 31 );
INSERT INTO PLACE_LIST_AT_COLLEGE(COLLEGE_id, PLACE_id) values( 161, 32 );
INSERT INTO PLACE_LIST_AT_COLLEGE(COLLEGE_id, PLACE_id) values( 168, 4 );
INSERT INTO PLACE_LIST_AT_COLLEGE(COLLEGE_id, PLACE_id) values( 168, 6 );
INSERT INTO PLACE_LIST_AT_COLLEGE(COLLEGE_id, PLACE_id) values( 168, 7 );
INSERT INTO PLACE_LIST_AT_COLLEGE(COLLEGE_id, PLACE_id) values( 168, 9 );
INSERT INTO PLACE_LIST_AT_COLLEGE(COLLEGE_id, PLACE_id) values( 168, 10 );
INSERT INTO PLACE_LIST_AT_COLLEGE(COLLEGE_id, PLACE_id) values( 168, 11 );
INSERT INTO PLACE_LIST_AT_COLLEGE(COLLEGE_id, PLACE_id) values( 168, 12 );
INSERT INTO PLACE_LIST_AT_COLLEGE(COLLEGE_id, PLACE_id) values( 168, 13 );
INSERT INTO PLACE_LIST_AT_COLLEGE(COLLEGE_id, PLACE_id) values( 168, 14 );
INSERT INTO PLACE_LIST_AT_COLLEGE(COLLEGE_id, PLACE_id) values( 168, 16 );
INSERT INTO PLACE_LIST_AT_COLLEGE(COLLEGE_id, PLACE_id) values( 168, 17 );
INSERT INTO PLACE_LIST_AT_COLLEGE(COLLEGE_id, PLACE_id) values( 168, 21 );
INSERT INTO PLACE_LIST_AT_COLLEGE(COLLEGE_id, PLACE_id) values( 168, 23 );
INSERT INTO PLACE_LIST_AT_COLLEGE(COLLEGE_id, PLACE_id) values( 168, 25 );
INSERT INTO PLACE_LIST_AT_COLLEGE(COLLEGE_id, PLACE_id) values( 168, 26 );
INSERT INTO PLACE_LIST_AT_COLLEGE(COLLEGE_id, PLACE_id) values( 168, 27 );
INSERT INTO PLACE_LIST_AT_COLLEGE(COLLEGE_id, PLACE_id) values( 168, 28 );
INSERT INTO PLACE_LIST_AT_COLLEGE(COLLEGE_id, PLACE_id) values( 168, 29 );
INSERT INTO PLACE_LIST_AT_COLLEGE(COLLEGE_id, PLACE_id) values( 168, 31 );
INSERT INTO PLACE_LIST_AT_COLLEGE(COLLEGE_id, PLACE_id) values( 168, 32 );
INSERT INTO PLACE_LIST_AT_COLLEGE(COLLEGE_id, PLACE_id) values( 171, 4 );
INSERT INTO PLACE_LIST_AT_COLLEGE(COLLEGE_id, PLACE_id) values( 171, 6 );
INSERT INTO PLACE_LIST_AT_COLLEGE(COLLEGE_id, PLACE_id) values( 171, 7 );
INSERT INTO PLACE_LIST_AT_COLLEGE(COLLEGE_id, PLACE_id) values( 171, 8 );
INSERT INTO PLACE_LIST_AT_COLLEGE(COLLEGE_id, PLACE_id) values( 171, 9 );
INSERT INTO PLACE_LIST_AT_COLLEGE(COLLEGE_id, PLACE_id) values( 171, 10 );
INSERT INTO PLACE_LIST_AT_COLLEGE(COLLEGE_id, PLACE_id) values( 171, 11 );
INSERT INTO PLACE_LIST_AT_COLLEGE(COLLEGE_id, PLACE_id) values( 171, 12 );
INSERT INTO PLACE_LIST_AT_COLLEGE(COLLEGE_id, PLACE_id) values( 171, 13 );
INSERT INTO PLACE_LIST_AT_COLLEGE(COLLEGE_id, PLACE_id) values( 171, 14 );
INSERT INTO PLACE_LIST_AT_COLLEGE(COLLEGE_id, PLACE_id) values( 171, 15 );
INSERT INTO PLACE_LIST_AT_COLLEGE(COLLEGE_id, PLACE_id) values( 171, 16 );
INSERT INTO PLACE_LIST_AT_COLLEGE(COLLEGE_id, PLACE_id) values( 171, 17 );
INSERT INTO PLACE_LIST_AT_COLLEGE(COLLEGE_id, PLACE_id) values( 171, 18 );
INSERT INTO PLACE_LIST_AT_COLLEGE(COLLEGE_id, PLACE_id) values( 171, 20 );
INSERT INTO PLACE_LIST_AT_COLLEGE(COLLEGE_id, PLACE_id) values( 171, 23 );
INSERT INTO PLACE_LIST_AT_COLLEGE(COLLEGE_id, PLACE_id) values( 171, 26 );
INSERT INTO PLACE_LIST_AT_COLLEGE(COLLEGE_id, PLACE_id) values( 171, 27 );
INSERT INTO PLACE_LIST_AT_COLLEGE(COLLEGE_id, PLACE_id) values( 171, 28 );
INSERT INTO PLACE_LIST_AT_COLLEGE(COLLEGE_id, PLACE_id) values( 171, 31 );
INSERT INTO PLACE_LIST_AT_COLLEGE(COLLEGE_id, PLACE_id) values( 171, 32 );
INSERT INTO PLACE_LIST_AT_COLLEGE(COLLEGE_id, PLACE_id) values( 220, 4 );
INSERT INTO PLACE_LIST_AT_COLLEGE(COLLEGE_id, PLACE_id) values( 220, 7 );
INSERT INTO PLACE_LIST_AT_COLLEGE(COLLEGE_id, PLACE_id) values( 220, 9 );
INSERT INTO PLACE_LIST_AT_COLLEGE(COLLEGE_id, PLACE_id) values( 220, 11 );
INSERT INTO PLACE_LIST_AT_COLLEGE(COLLEGE_id, PLACE_id) values( 220, 12 );
INSERT INTO PLACE_LIST_AT_COLLEGE(COLLEGE_id, PLACE_id) values( 220, 13 );
INSERT INTO PLACE_LIST_AT_COLLEGE(COLLEGE_id, PLACE_id) values( 220, 14 );
INSERT INTO PLACE_LIST_AT_COLLEGE(COLLEGE_id, PLACE_id) values( 220, 16 );
INSERT INTO PLACE_LIST_AT_COLLEGE(COLLEGE_id, PLACE_id) values( 220, 17 );
INSERT INTO PLACE_LIST_AT_COLLEGE(COLLEGE_id, PLACE_id) values( 220, 21 );
INSERT INTO PLACE_LIST_AT_COLLEGE(COLLEGE_id, PLACE_id) values( 220, 23 );
INSERT INTO PLACE_LIST_AT_COLLEGE(COLLEGE_id, PLACE_id) values( 220, 25 );
INSERT INTO PLACE_LIST_AT_COLLEGE(COLLEGE_id, PLACE_id) values( 220, 26 );
INSERT INTO PLACE_LIST_AT_COLLEGE(COLLEGE_id, PLACE_id) values( 220, 28 );
INSERT INTO PLACE_LIST_AT_COLLEGE(COLLEGE_id, PLACE_id) values( 220, 29 );
INSERT INTO PLACE_LIST_AT_COLLEGE(COLLEGE_id, PLACE_id) values( 220, 31 );
INSERT INTO PLACE_LIST_AT_COLLEGE(COLLEGE_id, PLACE_id) values( 220, 32 );
INSERT INTO PLACE_LIST_AT_COLLEGE(COLLEGE_id, PLACE_id) values( 233, 16 );
INSERT INTO PLACE_LIST_AT_COLLEGE(COLLEGE_id, PLACE_id) values( 235, 7 );
INSERT INTO PLACE_LIST_AT_COLLEGE(COLLEGE_id, PLACE_id) values( 235, 16 );
INSERT INTO PLACE_LIST_AT_COLLEGE(COLLEGE_id, PLACE_id) values( 235, 17 );
INSERT INTO PLACE_LIST_AT_COLLEGE(COLLEGE_id, PLACE_id) values( 236, 7 );
INSERT INTO PLACE_LIST_AT_COLLEGE(COLLEGE_id, PLACE_id) values( 236, 17 );
INSERT INTO PLACE_LIST_AT_COLLEGE(COLLEGE_id, PLACE_id) values( 295, 7 );
INSERT INTO PLACE_LIST_AT_COLLEGE(COLLEGE_id, PLACE_id) values( 295, 17 );
INSERT INTO PLACE_LIST_AT_COLLEGE(COLLEGE_id, PLACE_id) values( 295, 25 );
INSERT INTO PLACE_LIST_AT_COLLEGE(COLLEGE_id, PLACE_id) values( 301, 4 );
INSERT INTO PLACE_LIST_AT_COLLEGE(COLLEGE_id, PLACE_id) values( 301, 6 );
INSERT INTO PLACE_LIST_AT_COLLEGE(COLLEGE_id, PLACE_id) values( 301, 7 );
INSERT INTO PLACE_LIST_AT_COLLEGE(COLLEGE_id, PLACE_id) values( 301, 8 );
INSERT INTO PLACE_LIST_AT_COLLEGE(COLLEGE_id, PLACE_id) values( 301, 9 );
INSERT INTO PLACE_LIST_AT_COLLEGE(COLLEGE_id, PLACE_id) values( 301, 10 );
INSERT INTO PLACE_LIST_AT_COLLEGE(COLLEGE_id, PLACE_id) values( 301, 11 );
INSERT INTO PLACE_LIST_AT_COLLEGE(COLLEGE_id, PLACE_id) values( 301, 12 );
INSERT INTO PLACE_LIST_AT_COLLEGE(COLLEGE_id, PLACE_id) values( 301, 13 );
INSERT INTO PLACE_LIST_AT_COLLEGE(COLLEGE_id, PLACE_id) values( 301, 14 );
INSERT INTO PLACE_LIST_AT_COLLEGE(COLLEGE_id, PLACE_id) values( 301, 15 );
INSERT INTO PLACE_LIST_AT_COLLEGE(COLLEGE_id, PLACE_id) values( 301, 16 );
INSERT INTO PLACE_LIST_AT_COLLEGE(COLLEGE_id, PLACE_id) values( 301, 17 );
INSERT INTO PLACE_LIST_AT_COLLEGE(COLLEGE_id, PLACE_id) values( 301, 18 );
INSERT INTO PLACE_LIST_AT_COLLEGE(COLLEGE_id, PLACE_id) values( 301, 19 );
INSERT INTO PLACE_LIST_AT_COLLEGE(COLLEGE_id, PLACE_id) values( 301, 20 );
INSERT INTO PLACE_LIST_AT_COLLEGE(COLLEGE_id, PLACE_id) values( 301, 21 );
INSERT INTO PLACE_LIST_AT_COLLEGE(COLLEGE_id, PLACE_id) values( 301, 22 );
INSERT INTO PLACE_LIST_AT_COLLEGE(COLLEGE_id, PLACE_id) values( 301, 23 );
INSERT INTO PLACE_LIST_AT_COLLEGE(COLLEGE_id, PLACE_id) values( 301, 26 );
INSERT INTO PLACE_LIST_AT_COLLEGE(COLLEGE_id, PLACE_id) values( 301, 27 );
INSERT INTO PLACE_LIST_AT_COLLEGE(COLLEGE_id, PLACE_id) values( 301, 28 );
INSERT INTO PLACE_LIST_AT_COLLEGE(COLLEGE_id, PLACE_id) values( 301, 29 );
INSERT INTO PLACE_LIST_AT_COLLEGE(COLLEGE_id, PLACE_id) values( 301, 30 );
INSERT INTO PLACE_LIST_AT_COLLEGE(COLLEGE_id, PLACE_id) values( 301, 31 );
INSERT INTO PLACE_LIST_AT_COLLEGE(COLLEGE_id, PLACE_id) values( 301, 32 );
INSERT INTO PLACE_LIST_AT_COLLEGE(COLLEGE_id, PLACE_id) values( 305, 4 );
INSERT INTO PLACE_LIST_AT_COLLEGE(COLLEGE_id, PLACE_id) values( 305, 6 );
INSERT INTO PLACE_LIST_AT_COLLEGE(COLLEGE_id, PLACE_id) values( 305, 8 );
INSERT INTO PLACE_LIST_AT_COLLEGE(COLLEGE_id, PLACE_id) values( 305, 9 );
INSERT INTO PLACE_LIST_AT_COLLEGE(COLLEGE_id, PLACE_id) values( 305, 10 );
INSERT INTO PLACE_LIST_AT_COLLEGE(COLLEGE_id, PLACE_id) values( 305, 11 );
INSERT INTO PLACE_LIST_AT_COLLEGE(COLLEGE_id, PLACE_id) values( 305, 12 );
INSERT INTO PLACE_LIST_AT_COLLEGE(COLLEGE_id, PLACE_id) values( 305, 13 );
INSERT INTO PLACE_LIST_AT_COLLEGE(COLLEGE_id, PLACE_id) values( 305, 14 );
INSERT INTO PLACE_LIST_AT_COLLEGE(COLLEGE_id, PLACE_id) values( 305, 15 );
INSERT INTO PLACE_LIST_AT_COLLEGE(COLLEGE_id, PLACE_id) values( 305, 18 );
INSERT INTO PLACE_LIST_AT_COLLEGE(COLLEGE_id, PLACE_id) values( 305, 19 );
INSERT INTO PLACE_LIST_AT_COLLEGE(COLLEGE_id, PLACE_id) values( 305, 20 );
INSERT INTO PLACE_LIST_AT_COLLEGE(COLLEGE_id, PLACE_id) values( 305, 23 );
INSERT INTO PLACE_LIST_AT_COLLEGE(COLLEGE_id, PLACE_id) values( 305, 26 );
INSERT INTO PLACE_LIST_AT_COLLEGE(COLLEGE_id, PLACE_id) values( 305, 27 );
INSERT INTO PLACE_LIST_AT_COLLEGE(COLLEGE_id, PLACE_id) values( 305, 28 );
INSERT INTO PLACE_LIST_AT_COLLEGE(COLLEGE_id, PLACE_id) values( 305, 30 );
INSERT INTO PLACE_LIST_AT_COLLEGE(COLLEGE_id, PLACE_id) values( 305, 31 );
INSERT INTO PLACE_LIST_AT_COLLEGE(COLLEGE_id, PLACE_id) values( 305, 32 );
INSERT INTO PLACE_LIST_AT_COLLEGE(COLLEGE_id, PLACE_id) values( 311, 7 );
INSERT INTO PLACE_LIST_AT_COLLEGE(COLLEGE_id, PLACE_id) values( 311, 16 );
INSERT INTO PLACE_LIST_AT_COLLEGE(COLLEGE_id, PLACE_id) values( 311, 17 );
INSERT INTO PLACE_LIST_AT_COLLEGE(COLLEGE_id, PLACE_id) values( 332, 6 );
INSERT INTO PLACE_LIST_AT_COLLEGE(COLLEGE_id, PLACE_id) values( 332, 9 );
INSERT INTO PLACE_LIST_AT_COLLEGE(COLLEGE_id, PLACE_id) values( 332, 10 );
INSERT INTO PLACE_LIST_AT_COLLEGE(COLLEGE_id, PLACE_id) values( 332, 13 );
INSERT INTO PLACE_LIST_AT_COLLEGE(COLLEGE_id, PLACE_id) values( 332, 14 );
INSERT INTO PLACE_LIST_AT_COLLEGE(COLLEGE_id, PLACE_id) values( 332, 19 );
INSERT INTO PLACE_LIST_AT_COLLEGE(COLLEGE_id, PLACE_id) values( 332, 21 );
INSERT INTO PLACE_LIST_AT_COLLEGE(COLLEGE_id, PLACE_id) values( 332, 22 );
INSERT INTO PLACE_LIST_AT_COLLEGE(COLLEGE_id, PLACE_id) values( 332, 23 );
INSERT INTO PLACE_LIST_AT_COLLEGE(COLLEGE_id, PLACE_id) values( 332, 27 );
INSERT INTO PLACE_LIST_AT_COLLEGE(COLLEGE_id, PLACE_id) values( 332, 29 );
INSERT INTO PLACE_LIST_AT_COLLEGE(COLLEGE_id, PLACE_id) values( 332, 30 );
INSERT INTO PLACE_LIST_AT_COLLEGE(COLLEGE_id, PLACE_id) values( 332, 32 );
INSERT INTO PLACE_LIST_AT_COLLEGE(COLLEGE_id, PLACE_id) values( 353, 4 );
INSERT INTO PLACE_LIST_AT_COLLEGE(COLLEGE_id, PLACE_id) values( 353, 6 );
INSERT INTO PLACE_LIST_AT_COLLEGE(COLLEGE_id, PLACE_id) values( 353, 7 );
INSERT INTO PLACE_LIST_AT_COLLEGE(COLLEGE_id, PLACE_id) values( 353, 8 );
INSERT INTO PLACE_LIST_AT_COLLEGE(COLLEGE_id, PLACE_id) values( 353, 9 );
INSERT INTO PLACE_LIST_AT_COLLEGE(COLLEGE_id, PLACE_id) values( 353, 10 );
INSERT INTO PLACE_LIST_AT_COLLEGE(COLLEGE_id, PLACE_id) values( 353, 11 );
INSERT INTO PLACE_LIST_AT_COLLEGE(COLLEGE_id, PLACE_id) values( 353, 12 );
INSERT INTO PLACE_LIST_AT_COLLEGE(COLLEGE_id, PLACE_id) values( 353, 13 );
INSERT INTO PLACE_LIST_AT_COLLEGE(COLLEGE_id, PLACE_id) values( 353, 14 );
INSERT INTO PLACE_LIST_AT_COLLEGE(COLLEGE_id, PLACE_id) values( 353, 15 );
INSERT INTO PLACE_LIST_AT_COLLEGE(COLLEGE_id, PLACE_id) values( 353, 16 );
INSERT INTO PLACE_LIST_AT_COLLEGE(COLLEGE_id, PLACE_id) values( 353, 17 );
INSERT INTO PLACE_LIST_AT_COLLEGE(COLLEGE_id, PLACE_id) values( 353, 18 );
INSERT INTO PLACE_LIST_AT_COLLEGE(COLLEGE_id, PLACE_id) values( 353, 20 );
INSERT INTO PLACE_LIST_AT_COLLEGE(COLLEGE_id, PLACE_id) values( 353, 23 );
INSERT INTO PLACE_LIST_AT_COLLEGE(COLLEGE_id, PLACE_id) values( 353, 26 );
INSERT INTO PLACE_LIST_AT_COLLEGE(COLLEGE_id, PLACE_id) values( 353, 27 );
INSERT INTO PLACE_LIST_AT_COLLEGE(COLLEGE_id, PLACE_id) values( 353, 28 );
INSERT INTO PLACE_LIST_AT_COLLEGE(COLLEGE_id, PLACE_id) values( 353, 29 );
INSERT INTO PLACE_LIST_AT_COLLEGE(COLLEGE_id, PLACE_id) values( 353, 31 );
INSERT INTO PLACE_LIST_AT_COLLEGE(COLLEGE_id, PLACE_id) values( 353, 32 );
INSERT INTO PLACE_LIST_AT_COLLEGE(COLLEGE_id, PLACE_id) values( 370, 4 );
INSERT INTO PLACE_LIST_AT_COLLEGE(COLLEGE_id, PLACE_id) values( 370, 6 );
INSERT INTO PLACE_LIST_AT_COLLEGE(COLLEGE_id, PLACE_id) values( 370, 7 );
INSERT INTO PLACE_LIST_AT_COLLEGE(COLLEGE_id, PLACE_id) values( 370, 8 );
INSERT INTO PLACE_LIST_AT_COLLEGE(COLLEGE_id, PLACE_id) values( 370, 9 );
INSERT INTO PLACE_LIST_AT_COLLEGE(COLLEGE_id, PLACE_id) values( 370, 10 );
INSERT INTO PLACE_LIST_AT_COLLEGE(COLLEGE_id, PLACE_id) values( 370, 11 );
INSERT INTO PLACE_LIST_AT_COLLEGE(COLLEGE_id, PLACE_id) values( 370, 12 );
INSERT INTO PLACE_LIST_AT_COLLEGE(COLLEGE_id, PLACE_id) values( 370, 13 );
INSERT INTO PLACE_LIST_AT_COLLEGE(COLLEGE_id, PLACE_id) values( 370, 14 );
INSERT INTO PLACE_LIST_AT_COLLEGE(COLLEGE_id, PLACE_id) values( 370, 15 );
INSERT INTO PLACE_LIST_AT_COLLEGE(COLLEGE_id, PLACE_id) values( 370, 16 );
INSERT INTO PLACE_LIST_AT_COLLEGE(COLLEGE_id, PLACE_id) values( 370, 17 );
INSERT INTO PLACE_LIST_AT_COLLEGE(COLLEGE_id, PLACE_id) values( 370, 18 );
INSERT INTO PLACE_LIST_AT_COLLEGE(COLLEGE_id, PLACE_id) values( 370, 19 );
INSERT INTO PLACE_LIST_AT_COLLEGE(COLLEGE_id, PLACE_id) values( 370, 21 );
INSERT INTO PLACE_LIST_AT_COLLEGE(COLLEGE_id, PLACE_id) values( 370, 22 );
INSERT INTO PLACE_LIST_AT_COLLEGE(COLLEGE_id, PLACE_id) values( 370, 23 );
INSERT INTO PLACE_LIST_AT_COLLEGE(COLLEGE_id, PLACE_id) values( 370, 25 );
INSERT INTO PLACE_LIST_AT_COLLEGE(COLLEGE_id, PLACE_id) values( 370, 26 );
INSERT INTO PLACE_LIST_AT_COLLEGE(COLLEGE_id, PLACE_id) values( 370, 27 );
INSERT INTO PLACE_LIST_AT_COLLEGE(COLLEGE_id, PLACE_id) values( 370, 28 );
INSERT INTO PLACE_LIST_AT_COLLEGE(COLLEGE_id, PLACE_id) values( 370, 29 );
INSERT INTO PLACE_LIST_AT_COLLEGE(COLLEGE_id, PLACE_id) values( 370, 30 );
INSERT INTO PLACE_LIST_AT_COLLEGE(COLLEGE_id, PLACE_id) values( 370, 31 );
INSERT INTO PLACE_LIST_AT_COLLEGE(COLLEGE_id, PLACE_id) values( 370, 32 );
INSERT INTO PLACE_LIST_AT_COLLEGE(COLLEGE_id, PLACE_id) values( 375, 6 );
INSERT INTO PLACE_LIST_AT_COLLEGE(COLLEGE_id, PLACE_id) values( 375, 7 );
INSERT INTO PLACE_LIST_AT_COLLEGE(COLLEGE_id, PLACE_id) values( 375, 9 );
INSERT INTO PLACE_LIST_AT_COLLEGE(COLLEGE_id, PLACE_id) values( 375, 19 );
INSERT INTO PLACE_LIST_AT_COLLEGE(COLLEGE_id, PLACE_id) values( 375, 21 );
INSERT INTO PLACE_LIST_AT_COLLEGE(COLLEGE_id, PLACE_id) values( 375, 22 );
INSERT INTO PLACE_LIST_AT_COLLEGE(COLLEGE_id, PLACE_id) values( 375, 23 );
INSERT INTO PLACE_LIST_AT_COLLEGE(COLLEGE_id, PLACE_id) values( 375, 25 );
INSERT INTO PLACE_LIST_AT_COLLEGE(COLLEGE_id, PLACE_id) values( 375, 27 );
INSERT INTO PLACE_LIST_AT_COLLEGE(COLLEGE_id, PLACE_id) values( 375, 29 );
INSERT INTO PLACE_LIST_AT_COLLEGE(COLLEGE_id, PLACE_id) values( 375, 30 );
INSERT INTO PLACE_LIST_AT_COLLEGE(COLLEGE_id, PLACE_id) values( 377, 4 );
INSERT INTO PLACE_LIST_AT_COLLEGE(COLLEGE_id, PLACE_id) values( 377, 6 );
INSERT INTO PLACE_LIST_AT_COLLEGE(COLLEGE_id, PLACE_id) values( 377, 8 );
INSERT INTO PLACE_LIST_AT_COLLEGE(COLLEGE_id, PLACE_id) values( 377, 9 );
INSERT INTO PLACE_LIST_AT_COLLEGE(COLLEGE_id, PLACE_id) values( 377, 10 );
INSERT INTO PLACE_LIST_AT_COLLEGE(COLLEGE_id, PLACE_id) values( 377, 11 );
INSERT INTO PLACE_LIST_AT_COLLEGE(COLLEGE_id, PLACE_id) values( 377, 12 );
INSERT INTO PLACE_LIST_AT_COLLEGE(COLLEGE_id, PLACE_id) values( 377, 13 );
INSERT INTO PLACE_LIST_AT_COLLEGE(COLLEGE_id, PLACE_id) values( 377, 14 );
INSERT INTO PLACE_LIST_AT_COLLEGE(COLLEGE_id, PLACE_id) values( 377, 15 );
INSERT INTO PLACE_LIST_AT_COLLEGE(COLLEGE_id, PLACE_id) values( 377, 16 );
INSERT INTO PLACE_LIST_AT_COLLEGE(COLLEGE_id, PLACE_id) values( 377, 18 );
INSERT INTO PLACE_LIST_AT_COLLEGE(COLLEGE_id, PLACE_id) values( 377, 20 );
INSERT INTO PLACE_LIST_AT_COLLEGE(COLLEGE_id, PLACE_id) values( 377, 23 );
INSERT INTO PLACE_LIST_AT_COLLEGE(COLLEGE_id, PLACE_id) values( 377, 26 );
INSERT INTO PLACE_LIST_AT_COLLEGE(COLLEGE_id, PLACE_id) values( 377, 27 );
INSERT INTO PLACE_LIST_AT_COLLEGE(COLLEGE_id, PLACE_id) values( 377, 28 );
INSERT INTO PLACE_LIST_AT_COLLEGE(COLLEGE_id, PLACE_id) values( 377, 31 );
INSERT INTO PLACE_LIST_AT_COLLEGE(COLLEGE_id, PLACE_id) values( 377, 32 );
INSERT INTO PLACE_LIST_AT_COLLEGE(COLLEGE_id, PLACE_id) values( 378, 4 );
INSERT INTO PLACE_LIST_AT_COLLEGE(COLLEGE_id, PLACE_id) values( 378, 6 );
INSERT INTO PLACE_LIST_AT_COLLEGE(COLLEGE_id, PLACE_id) values( 378, 8 );
INSERT INTO PLACE_LIST_AT_COLLEGE(COLLEGE_id, PLACE_id) values( 378, 9 );
INSERT INTO PLACE_LIST_AT_COLLEGE(COLLEGE_id, PLACE_id) values( 378, 10 );
INSERT INTO PLACE_LIST_AT_COLLEGE(COLLEGE_id, PLACE_id) values( 378, 11 );
INSERT INTO PLACE_LIST_AT_COLLEGE(COLLEGE_id, PLACE_id) values( 378, 12 );
INSERT INTO PLACE_LIST_AT_COLLEGE(COLLEGE_id, PLACE_id) values( 378, 13 );
INSERT INTO PLACE_LIST_AT_COLLEGE(COLLEGE_id, PLACE_id) values( 378, 14 );
INSERT INTO PLACE_LIST_AT_COLLEGE(COLLEGE_id, PLACE_id) values( 378, 15 );
INSERT INTO PLACE_LIST_AT_COLLEGE(COLLEGE_id, PLACE_id) values( 378, 18 );
INSERT INTO PLACE_LIST_AT_COLLEGE(COLLEGE_id, PLACE_id) values( 378, 19 );
INSERT INTO PLACE_LIST_AT_COLLEGE(COLLEGE_id, PLACE_id) values( 378, 20 );
INSERT INTO PLACE_LIST_AT_COLLEGE(COLLEGE_id, PLACE_id) values( 378, 22 );
INSERT INTO PLACE_LIST_AT_COLLEGE(COLLEGE_id, PLACE_id) values( 378, 23 );
INSERT INTO PLACE_LIST_AT_COLLEGE(COLLEGE_id, PLACE_id) values( 378, 26 );
INSERT INTO PLACE_LIST_AT_COLLEGE(COLLEGE_id, PLACE_id) values( 378, 27 );
INSERT INTO PLACE_LIST_AT_COLLEGE(COLLEGE_id, PLACE_id) values( 378, 28 );
INSERT INTO PLACE_LIST_AT_COLLEGE(COLLEGE_id, PLACE_id) values( 378, 29 );
INSERT INTO PLACE_LIST_AT_COLLEGE(COLLEGE_id, PLACE_id) values( 378, 30 );
INSERT INTO PLACE_LIST_AT_COLLEGE(COLLEGE_id, PLACE_id) values( 378, 31 );
INSERT INTO PLACE_LIST_AT_COLLEGE(COLLEGE_id, PLACE_id) values( 378, 32 );
INSERT INTO PLACE_LIST_AT_COLLEGE(COLLEGE_id, PLACE_id) values( 380, 7 );
INSERT INTO PLACE_LIST_AT_COLLEGE(COLLEGE_id, PLACE_id) values( 380, 17 );
INSERT INTO PLACE_LIST_AT_COLLEGE(COLLEGE_id, PLACE_id) values( 380, 25 );
INSERT INTO PLACE_LIST_AT_COLLEGE(COLLEGE_id, PLACE_id) values( 381, 7 );
INSERT INTO PLACE_LIST_AT_COLLEGE(COLLEGE_id, PLACE_id) values( 381, 16 );
INSERT INTO PLACE_LIST_AT_COLLEGE(COLLEGE_id, PLACE_id) values( 381, 17 );
INSERT INTO PLACE_LIST_AT_COLLEGE(COLLEGE_id, PLACE_id) values( 381, 25 );
INSERT INTO PLACE_LIST_AT_COLLEGE(COLLEGE_id, PLACE_id) values( 383, 4 );
INSERT INTO PLACE_LIST_AT_COLLEGE(COLLEGE_id, PLACE_id) values( 383, 6 );
INSERT INTO PLACE_LIST_AT_COLLEGE(COLLEGE_id, PLACE_id) values( 383, 7 );
INSERT INTO PLACE_LIST_AT_COLLEGE(COLLEGE_id, PLACE_id) values( 383, 8 );
INSERT INTO PLACE_LIST_AT_COLLEGE(COLLEGE_id, PLACE_id) values( 383, 9 );
INSERT INTO PLACE_LIST_AT_COLLEGE(COLLEGE_id, PLACE_id) values( 383, 10 );
INSERT INTO PLACE_LIST_AT_COLLEGE(COLLEGE_id, PLACE_id) values( 383, 11 );
INSERT INTO PLACE_LIST_AT_COLLEGE(COLLEGE_id, PLACE_id) values( 383, 12 );
INSERT INTO PLACE_LIST_AT_COLLEGE(COLLEGE_id, PLACE_id) values( 383, 13 );
INSERT INTO PLACE_LIST_AT_COLLEGE(COLLEGE_id, PLACE_id) values( 383, 14 );
INSERT INTO PLACE_LIST_AT_COLLEGE(COLLEGE_id, PLACE_id) values( 383, 15 );
INSERT INTO PLACE_LIST_AT_COLLEGE(COLLEGE_id, PLACE_id) values( 383, 16 );
INSERT INTO PLACE_LIST_AT_COLLEGE(COLLEGE_id, PLACE_id) values( 383, 17 );
INSERT INTO PLACE_LIST_AT_COLLEGE(COLLEGE_id, PLACE_id) values( 383, 18 );
INSERT INTO PLACE_LIST_AT_COLLEGE(COLLEGE_id, PLACE_id) values( 383, 20 );
INSERT INTO PLACE_LIST_AT_COLLEGE(COLLEGE_id, PLACE_id) values( 383, 23 );
INSERT INTO PLACE_LIST_AT_COLLEGE(COLLEGE_id, PLACE_id) values( 383, 26 );
INSERT INTO PLACE_LIST_AT_COLLEGE(COLLEGE_id, PLACE_id) values( 383, 27 );
INSERT INTO PLACE_LIST_AT_COLLEGE(COLLEGE_id, PLACE_id) values( 383, 28 );
INSERT INTO PLACE_LIST_AT_COLLEGE(COLLEGE_id, PLACE_id) values( 383, 29 );
INSERT INTO PLACE_LIST_AT_COLLEGE(COLLEGE_id, PLACE_id) values( 383, 31 );
INSERT INTO PLACE_LIST_AT_COLLEGE(COLLEGE_id, PLACE_id) values( 383, 32 );
INSERT INTO PLACE_LIST_AT_COLLEGE(COLLEGE_id, PLACE_id) values( 384, 4 );
INSERT INTO PLACE_LIST_AT_COLLEGE(COLLEGE_id, PLACE_id) values( 384, 6 );
INSERT INTO PLACE_LIST_AT_COLLEGE(COLLEGE_id, PLACE_id) values( 384, 7 );
INSERT INTO PLACE_LIST_AT_COLLEGE(COLLEGE_id, PLACE_id) values( 384, 8 );
INSERT INTO PLACE_LIST_AT_COLLEGE(COLLEGE_id, PLACE_id) values( 384, 9 );
INSERT INTO PLACE_LIST_AT_COLLEGE(COLLEGE_id, PLACE_id) values( 384, 10 );
INSERT INTO PLACE_LIST_AT_COLLEGE(COLLEGE_id, PLACE_id) values( 384, 11 );
INSERT INTO PLACE_LIST_AT_COLLEGE(COLLEGE_id, PLACE_id) values( 384, 12 );
INSERT INTO PLACE_LIST_AT_COLLEGE(COLLEGE_id, PLACE_id) values( 384, 13 );
INSERT INTO PLACE_LIST_AT_COLLEGE(COLLEGE_id, PLACE_id) values( 384, 14 );
INSERT INTO PLACE_LIST_AT_COLLEGE(COLLEGE_id, PLACE_id) values( 384, 15 );
INSERT INTO PLACE_LIST_AT_COLLEGE(COLLEGE_id, PLACE_id) values( 384, 16 );
INSERT INTO PLACE_LIST_AT_COLLEGE(COLLEGE_id, PLACE_id) values( 384, 17 );
INSERT INTO PLACE_LIST_AT_COLLEGE(COLLEGE_id, PLACE_id) values( 384, 18 );
INSERT INTO PLACE_LIST_AT_COLLEGE(COLLEGE_id, PLACE_id) values( 384, 19 );
INSERT INTO PLACE_LIST_AT_COLLEGE(COLLEGE_id, PLACE_id) values( 384, 21 );
INSERT INTO PLACE_LIST_AT_COLLEGE(COLLEGE_id, PLACE_id) values( 384, 22 );
INSERT INTO PLACE_LIST_AT_COLLEGE(COLLEGE_id, PLACE_id) values( 384, 23 );
INSERT INTO PLACE_LIST_AT_COLLEGE(COLLEGE_id, PLACE_id) values( 384, 25 );
INSERT INTO PLACE_LIST_AT_COLLEGE(COLLEGE_id, PLACE_id) values( 384, 26 );
INSERT INTO PLACE_LIST_AT_COLLEGE(COLLEGE_id, PLACE_id) values( 384, 27 );
INSERT INTO PLACE_LIST_AT_COLLEGE(COLLEGE_id, PLACE_id) values( 384, 28 );
INSERT INTO PLACE_LIST_AT_COLLEGE(COLLEGE_id, PLACE_id) values( 384, 29 );
INSERT INTO PLACE_LIST_AT_COLLEGE(COLLEGE_id, PLACE_id) values( 384, 30 );
INSERT INTO PLACE_LIST_AT_COLLEGE(COLLEGE_id, PLACE_id) values( 384, 31 );
INSERT INTO PLACE_LIST_AT_COLLEGE(COLLEGE_id, PLACE_id) values( 384, 32 );
INSERT INTO PLACE_LIST_AT_COLLEGE(COLLEGE_id, PLACE_id) values( 391, 4 );
INSERT INTO PLACE_LIST_AT_COLLEGE(COLLEGE_id, PLACE_id) values( 391, 6 );
INSERT INTO PLACE_LIST_AT_COLLEGE(COLLEGE_id, PLACE_id) values( 391, 7 );
INSERT INTO PLACE_LIST_AT_COLLEGE(COLLEGE_id, PLACE_id) values( 391, 9 );
INSERT INTO PLACE_LIST_AT_COLLEGE(COLLEGE_id, PLACE_id) values( 391, 10 );
INSERT INTO PLACE_LIST_AT_COLLEGE(COLLEGE_id, PLACE_id) values( 391, 11 );
INSERT INTO PLACE_LIST_AT_COLLEGE(COLLEGE_id, PLACE_id) values( 391, 12 );
INSERT INTO PLACE_LIST_AT_COLLEGE(COLLEGE_id, PLACE_id) values( 391, 13 );
INSERT INTO PLACE_LIST_AT_COLLEGE(COLLEGE_id, PLACE_id) values( 391, 14 );
INSERT INTO PLACE_LIST_AT_COLLEGE(COLLEGE_id, PLACE_id) values( 391, 15 );
INSERT INTO PLACE_LIST_AT_COLLEGE(COLLEGE_id, PLACE_id) values( 391, 17 );
INSERT INTO PLACE_LIST_AT_COLLEGE(COLLEGE_id, PLACE_id) values( 391, 18 );
INSERT INTO PLACE_LIST_AT_COLLEGE(COLLEGE_id, PLACE_id) values( 391, 19 );
INSERT INTO PLACE_LIST_AT_COLLEGE(COLLEGE_id, PLACE_id) values( 391, 21 );
INSERT INTO PLACE_LIST_AT_COLLEGE(COLLEGE_id, PLACE_id) values( 391, 22 );
INSERT INTO PLACE_LIST_AT_COLLEGE(COLLEGE_id, PLACE_id) values( 391, 23 );
INSERT INTO PLACE_LIST_AT_COLLEGE(COLLEGE_id, PLACE_id) values( 391, 25 );
INSERT INTO PLACE_LIST_AT_COLLEGE(COLLEGE_id, PLACE_id) values( 391, 26 );
INSERT INTO PLACE_LIST_AT_COLLEGE(COLLEGE_id, PLACE_id) values( 391, 27 );
INSERT INTO PLACE_LIST_AT_COLLEGE(COLLEGE_id, PLACE_id) values( 391, 28 );
INSERT INTO PLACE_LIST_AT_COLLEGE(COLLEGE_id, PLACE_id) values( 391, 29 );
INSERT INTO PLACE_LIST_AT_COLLEGE(COLLEGE_id, PLACE_id) values( 391, 30 );
INSERT INTO PLACE_LIST_AT_COLLEGE(COLLEGE_id, PLACE_id) values( 391, 31 );
INSERT INTO PLACE_LIST_AT_COLLEGE(COLLEGE_id, PLACE_id) values( 391, 32 );
INSERT INTO PLACE_LIST_AT_COLLEGE(COLLEGE_id, PLACE_id) values( 395, 24 );

INSERT INTO PLACE_REGISTRANT(PLACE_id, USER_id ) values( 1, 'wonbinkim');
INSERT INTO PLACE_REGISTRANT(PLACE_id, USER_id ) values( 2, 'wonbinkim');
INSERT INTO PLACE_REGISTRANT(PLACE_id, USER_id ) values( 3, 'wonbinkim');
INSERT INTO PLACE_REGISTRANT(PLACE_id, USER_id ) values( 4, 'wonbinkim');
INSERT INTO PLACE_REGISTRANT(PLACE_id, USER_id ) values( 5, 'wonbinkim');
INSERT INTO PLACE_REGISTRANT(PLACE_id, USER_id ) values( 6, 'wonbinkim');
INSERT INTO PLACE_REGISTRANT(PLACE_id, USER_id ) values( 7, 'wonbinkim');
INSERT INTO PLACE_REGISTRANT(PLACE_id, USER_id ) values( 8, 'wonbinkim');
INSERT INTO PLACE_REGISTRANT(PLACE_id, USER_id ) values( 9, 'wonbinkim');
INSERT INTO PLACE_REGISTRANT(PLACE_id, USER_id ) values( 10, 'wonbinkim');
INSERT INTO PLACE_REGISTRANT(PLACE_id, USER_id ) values( 11, 'wonbinkim');
INSERT INTO PLACE_REGISTRANT(PLACE_id, USER_id ) values( 12, 'wonbinkim');
INSERT INTO PLACE_REGISTRANT(PLACE_id, USER_id ) values( 13, 'wonbinkim');
INSERT INTO PLACE_REGISTRANT(PLACE_id, USER_id ) values( 14, 'wonbinkim');
INSERT INTO PLACE_REGISTRANT(PLACE_id, USER_id ) values( 15, 'wonbinkim');
INSERT INTO PLACE_REGISTRANT(PLACE_id, USER_id ) values( 16, 'wonbinkim');
INSERT INTO PLACE_REGISTRANT(PLACE_id, USER_id ) values( 17, 'wonbinkim');
INSERT INTO PLACE_REGISTRANT(PLACE_id, USER_id ) values( 18, 'wonbinkim');
INSERT INTO PLACE_REGISTRANT(PLACE_id, USER_id ) values( 19, 'wonbinkim');
INSERT INTO PLACE_REGISTRANT(PLACE_id, USER_id ) values( 20, 'wonbinkim');
INSERT INTO PLACE_REGISTRANT(PLACE_id, USER_id ) values( 21, 'wonbinkim');
INSERT INTO PLACE_REGISTRANT(PLACE_id, USER_id ) values( 22, 'wonbinkim');
INSERT INTO PLACE_REGISTRANT(PLACE_id, USER_id ) values( 23, 'hahahoho');
INSERT INTO PLACE_REGISTRANT(PLACE_id, USER_id ) values( 24, 'hahahoho');
INSERT INTO PLACE_REGISTRANT(PLACE_id, USER_id ) values( 25, 'wonbinkim');
INSERT INTO PLACE_REGISTRANT(PLACE_id, USER_id ) values( 26, 'hahahoho');
INSERT INTO PLACE_REGISTRANT(PLACE_id, USER_id ) values( 27, 'wonbinkim');
INSERT INTO PLACE_REGISTRANT(PLACE_id, USER_id ) values( 28, 'wonbinkim');
INSERT INTO PLACE_REGISTRANT(PLACE_id, USER_id ) values( 29, 'wonbinkim');
INSERT INTO PLACE_REGISTRANT(PLACE_id, USER_id ) values( 30, 'wonbinkim');
INSERT INTO PLACE_REGISTRANT(PLACE_id, USER_id ) values( 31, 'wonbinkim');
INSERT INTO PLACE_REGISTRANT(PLACE_id, USER_id ) values( 32, 'wonbinkim');

/** PLACE LIKE */
INSERT INTO PLACE_LIKE(PLACE_id, USER_id, like_date) values( 6, 'wonbinkim', '2022-01-07');
INSERT INTO PLACE_LIKE(PLACE_id, USER_id, like_date) values( 22, 'wonbinkim', '2022-01-07');
INSERT INTO PLACE_LIKE(PLACE_id, USER_id, like_date) values( 21, 'wonbinkim', '2022-01-07');
INSERT INTO PLACE_LIKE(PLACE_id, USER_id, like_date) values( 20, 'wonbinkim', '2022-01-07');
INSERT INTO PLACE_LIKE(PLACE_id, USER_id, like_date) values( 19, 'wonbinkim', '2022-01-07');
INSERT INTO PLACE_LIKE(PLACE_id, USER_id, like_date) values( 18, 'wonbinkim', '2022-01-07');
INSERT INTO PLACE_LIKE(PLACE_id, USER_id, like_date) values( 16, 'wonbinkim', '2022-01-07');
INSERT INTO PLACE_LIKE(PLACE_id, USER_id, like_date) values( 13, 'wonbinkim', '2022-01-07');
INSERT INTO PLACE_LIKE(PLACE_id, USER_id, like_date) values( 14, 'wonbinkim', '2022-01-07');
INSERT INTO PLACE_LIKE(PLACE_id, USER_id, like_date) values( 17, 'wonbinkim', '2022-01-07');
INSERT INTO PLACE_LIKE(PLACE_id, USER_id, like_date) values( 23, 'hahahoho', '2022-01-13');

/*kakao place 정보*/
INSERT INTO KAKAO_PLACE(PLACE_id, kakao_place_id, category, place_image_url) VALUES(1, 195227114, '한식', null);
INSERT INTO KAKAO_PLACE(PLACE_id, kakao_place_id, category, place_image_url) VALUES(2, 18560248, '분식', null);
INSERT INTO KAKAO_PLACE(PLACE_id, kakao_place_id, category, place_image_url) VALUES(3, 1840844912, '태국음식', null);
INSERT INTO KAKAO_PLACE(PLACE_id, kakao_place_id, category, place_image_url) VALUES(4, 15958681, '음식점 > 한식 > 육류,고기 > 곱창,막창', null);
INSERT INTO KAKAO_PLACE(PLACE_id, kakao_place_id, category, place_image_url) VALUES(5, 22225498, '테마파크', null);
INSERT INTO KAKAO_PLACE(PLACE_id, kakao_place_id, category, place_image_url) VALUES(6, 18760188, '음식점 > 한식', null);
INSERT INTO KAKAO_PLACE(PLACE_id, kakao_place_id, category, place_image_url) VALUES(7, 1431812208, '음식점 > 한식 > 순대', null);
INSERT INTO KAKAO_PLACE(PLACE_id, kakao_place_id, category, place_image_url) VALUES(8, 1063816764, '음식점 > 카페', null);
INSERT INTO KAKAO_PLACE(PLACE_id, kakao_place_id, category, place_image_url) VALUES(9, 319290283, '음식점 > 한식 > 육류,고기 > 곱창,막창', null);
INSERT INTO KAKAO_PLACE(PLACE_id, kakao_place_id, category, place_image_url) VALUES(10, 16063288, '음식점 > 분식', null);
INSERT INTO KAKAO_PLACE(PLACE_id, kakao_place_id, category, place_image_url) VALUES(11, 16531175, '음식점 > 한식 > 육류,고기 > 족발,보쌈', null);
INSERT INTO KAKAO_PLACE(PLACE_id, kakao_place_id, category, place_image_url) VALUES(12, 16937330, '음식점 > 한식 > 국수', null);
INSERT INTO KAKAO_PLACE(PLACE_id, kakao_place_id, category, place_image_url) VALUES(13, 1779970753, '음식점 > 카페', null);
INSERT INTO KAKAO_PLACE(PLACE_id, kakao_place_id, category, place_image_url) VALUES(14, 1989079728, '음식점 > 카페', null);
INSERT INTO KAKAO_PLACE(PLACE_id, kakao_place_id, category, place_image_url) VALUES(15, 1468573128, '음식점 > 샤브샤브', null);
INSERT INTO KAKAO_PLACE(PLACE_id, kakao_place_id, category, place_image_url) VALUES(16, 21027858, '음식점 > 한식 > 육류,고기', null);
INSERT INTO KAKAO_PLACE(PLACE_id, kakao_place_id, category, place_image_url) VALUES(17, 16268458, '음식점 > 한식 > 육류,고기 > 닭요리', null);
INSERT INTO KAKAO_PLACE(PLACE_id, kakao_place_id, category, place_image_url) VALUES(18, 256360333, '음식점 > 술집 > 호프,요리주점', null);
INSERT INTO KAKAO_PLACE(PLACE_id, kakao_place_id, category, place_image_url) VALUES(19, 1499176641, '음식점 > 한식', null);
INSERT INTO KAKAO_PLACE(PLACE_id, kakao_place_id, category, place_image_url) VALUES(20, 1986296685, '음식점 > 한식', null);
INSERT INTO KAKAO_PLACE(PLACE_id, kakao_place_id, category, place_image_url) VALUES(21, 493898337, '음식점 > 한식 > 육류,고기 > 족발,보쌈', null);
INSERT INTO KAKAO_PLACE(PLACE_id, kakao_place_id, category, place_image_url) VALUES(22, 16932333, '음식점 > 한식', null);
INSERT INTO KAKAO_PLACE(PLACE_id, kakao_place_id, category, place_image_url) VALUES(23, 1674726670, '음식점 > 술집 > 호프,요리주점', null);
INSERT INTO KAKAO_PLACE(PLACE_id, kakao_place_id, category, place_image_url) VALUES(24, 18032179, '가정,생활 > 식품판매 > 반찬가게', null);
INSERT INTO KAKAO_PLACE(PLACE_id, kakao_place_id, category, place_image_url) VALUES(25, 26984116, '사회,공공기관 > 단체,협회', null);
INSERT INTO KAKAO_PLACE(PLACE_id, kakao_place_id, category, place_image_url) VALUES(26, 19010566, '음식점 > 분식', null);
INSERT INTO KAKAO_PLACE(PLACE_id, kakao_place_id, category, place_image_url) VALUES(27, 1676802342, '음식점 > 중식 > 중국요리', null);
INSERT INTO KAKAO_PLACE(PLACE_id, kakao_place_id, category, place_image_url) VALUES(28, 790446625, '가정,생활 > 이사 > 용달,사다리차', null);
INSERT INTO KAKAO_PLACE(PLACE_id, kakao_place_id, category, place_image_url) VALUES(29, 1019414960, '부동산 > 주거시설 > 빌라,연립주택', null);
INSERT INTO KAKAO_PLACE(PLACE_id, kakao_place_id, category, place_image_url) VALUES(30, 23279588, '가정,생활 > 미용 > 네일샵', null);
INSERT INTO KAKAO_PLACE(PLACE_id, kakao_place_id, category, place_image_url) VALUES(31, 926747911, '가정,생활 > 식품판매 > 김치판매', null);
INSERT INTO KAKAO_PLACE(PLACE_id, kakao_place_id, category, place_image_url) VALUES(32, 218675074, '가정,생활 > 식품판매 > 김치판매', null);


/** 리뷰 등록*/
INSERT INTO REVIEW(review_id, PLACE_id, USER_id, post_date, post_text, rating) VALUES( 16618655171448796, 3, 'wonbinkim', '2022-08-30', '리뷰 123', 4);
INSERT INTO REVIEW(review_id, PLACE_id, USER_id, post_date, post_text, rating) VALUES( 16623002342079410, 4, 'wonbinkim', '2022-09-04', '맛나', 4);
INSERT INTO REVIEW(review_id, PLACE_id, USER_id, post_date, post_text, rating) VALUES( 16623007489357139, 4, 'wonbinkim', '2022-09-04', '마마마마마', 4);
INSERT INTO REVIEW(review_id, PLACE_id, USER_id, post_date, post_text, rating) VALUES( 16623007879316035, 4, 'wonbinkim', '2022-09-04', '바바바바바', 4);
INSERT INTO REVIEW(review_id, PLACE_id, USER_id, post_date, post_text, rating) VALUES( 16625516184206441, 6, 'wonbinkim', '2022-09-07', '맛나', 4);
INSERT INTO REVIEW(review_id, PLACE_id, USER_id, post_date, post_text, rating) VALUES( 16625522176258703, 8, 'wonbinkim', '2022-09-07', '그래', 4);
INSERT INTO REVIEW(review_id, PLACE_id, USER_id, post_date, post_text, rating) VALUES( 16625525760443836, 9, 'wonbinkim', '2022-09-07', '그대', 4);
INSERT INTO REVIEW(review_id, PLACE_id, USER_id, post_date, post_text, rating) VALUES( 16625577562604272, 4, 'wonbinkim', '2022-09-07', '맛나', 5);
INSERT INTO REVIEW(review_id, PLACE_id, USER_id, post_date, post_text, rating) VALUES( 16625577678555434, 10, 'wonbinkim', '2022-09-07', '어', 4);
INSERT INTO REVIEW(review_id, PLACE_id, USER_id, post_date, post_text, rating) VALUES( 16625577803095849, 11, 'wonbinkim', '2022-09-07', '엄', 4);
INSERT INTO REVIEW(review_id, PLACE_id, USER_id, post_date, post_text, rating) VALUES( 16625578133885574, 12, 'wonbinkim', '2022-09-07', '비미', 4);
INSERT INTO REVIEW(review_id, PLACE_id, USER_id, post_date, post_text, rating) VALUES( 16625578239218343, 13, 'wonbinkim', '2022-09-07', '가게가게', 5);
INSERT INTO REVIEW(review_id, PLACE_id, USER_id, post_date, post_text, rating) VALUES( 16625578375793937, 14, 'wonbinkim', '2022-09-07', '그치', 5);
INSERT INTO REVIEW(review_id, PLACE_id, USER_id, post_date, post_text, rating) VALUES( 16625578552280302, 15, 'wonbinkim', '2022-09-07', 'ㅋㅋ', 2);
INSERT INTO REVIEW(review_id, PLACE_id, USER_id, post_date, post_text, rating) VALUES( 16625578700480348, 4, 'wonbinkim', '2022-09-07', '리부1', 4);
INSERT INTO REVIEW(review_id, PLACE_id, USER_id, post_date, post_text, rating) VALUES( 16625578766679332, 4, 'wonbinkim', '2022-09-07', '리부3', 4);
INSERT INTO REVIEW(review_id, PLACE_id, USER_id, post_date, post_text, rating) VALUES( 16625578889708199, 4, 'wonbinkim', '2022-09-07', '다르긴한데', 4);
INSERT INTO REVIEW(review_id, PLACE_id, USER_id, post_date, post_text, rating) VALUES( 16625578981324851, 4, 'wonbinkim', '2022-09-07', 'ㅋㅋ', 4);
INSERT INTO REVIEW(review_id, PLACE_id, USER_id, post_date, post_text, rating) VALUES( 16625579084226601, 4, 'wonbinkim', '2022-09-07', '맛나', 4);
INSERT INTO REVIEW(review_id, PLACE_id, USER_id, post_date, post_text, rating) VALUES( 16625579174973175, 4, 'wonbinkim', '2022-09-07', '비비빅', 4);
INSERT INTO REVIEW(review_id, PLACE_id, USER_id, post_date, post_text, rating) VALUES( 16625579230896156, 4, 'wonbinkim', '2022-09-07', '123', 4 );
INSERT INTO REVIEW(review_id, PLACE_id, USER_id, post_date, post_text, rating) VALUES( 16625579333104079, 4, 'wonbinkim', '2022-09-07', '456', 4 );
INSERT INTO REVIEW(review_id, PLACE_id, USER_id, post_date, post_text, rating) VALUES( 16625579738793532, 7, 'wonbinkim', '2022-09-12', '아하아하아하', 4);
INSERT INTO REVIEW(review_id, PLACE_id, USER_id, post_date, post_text, rating) VALUES( 16625579871393590, 16, 'wonbinkim', '2022-09-07', '마마', 4);
INSERT INTO REVIEW(review_id, PLACE_id, USER_id, post_date, post_text, rating) VALUES( 16625591051640697, 16, 'wonbinkim', '2022-09-07', '맛나', 4);
INSERT INTO REVIEW(review_id, PLACE_id, USER_id, post_date, post_text, rating) VALUES( 16625591327712414, 18, 'wonbinkim', '2022-09-07', '테스트 데이터', 5);
INSERT INTO REVIEW(review_id, PLACE_id, USER_id, post_date, post_text, rating) VALUES( 16625591468725547, 19, 'wonbinkim', '2022-09-07', '짱맛나', 3);
INSERT INTO REVIEW(review_id, PLACE_id, USER_id, post_date, post_text, rating) VALUES( 16625591584015254, 20, 'wonbinkim', '2022-09-07', '김맛나', 3);
INSERT INTO REVIEW(review_id, PLACE_id, USER_id, post_date, post_text, rating) VALUES( 16625591727992426, 21, 'wonbinkim', '2022-09-07', '늘맛나', 4);
INSERT INTO REVIEW(review_id, PLACE_id, USER_id, post_date, post_text, rating) VALUES( 16625591808565043, 22, 'wonbinkim', '2022-09-07', '참맛나', 5);
INSERT INTO REVIEW(review_id, PLACE_id, USER_id, post_date, post_text, rating) VALUES( 16628154787813578, 1, 'wonbinkim', '2022-09-10', '맛나', 4);
INSERT INTO REVIEW(review_id, PLACE_id, USER_id, post_date, post_text, rating) VALUES( 16628154877645986, 1, 'wonbinkim', '2022-09-10', '그래', 4);
INSERT INTO REVIEW(review_id, PLACE_id, USER_id, post_date, post_text, rating) VALUES( 16628155060465109, 4, 'wonbinkim', '2022-09-10', '은하', 4);
INSERT INTO REVIEW(review_id, PLACE_id, USER_id, post_date, post_text, rating) VALUES( 16629655703600622, 18, 'wonbinkim', '2022-09-12', '맛나', 4);
INSERT INTO REVIEW(review_id, PLACE_id, USER_id, post_date, post_text, rating) VALUES( 16629655810626743, 18, 'wonbinkim', '2022-09-12', '김밥', 4);
INSERT INTO REVIEW(review_id, PLACE_id, USER_id, post_date, post_text, rating) VALUES( 16630768567105326, 7, 'hahahoho', '2022-09-13', '맛나요', 4);
INSERT INTO REVIEW(review_id, PLACE_id, USER_id, post_date, post_text, rating) VALUES( 16630768663645669, 7, 'hahahoho', '2022-09-13', '맛있나요', 4);
INSERT INTO REVIEW(review_id, PLACE_id, USER_id, post_date, post_text, rating) VALUES( 16630771345895372, 23, 'hahahoho', '2022-09-13', '맛있어요', 4);
INSERT INTO REVIEW(review_id, PLACE_id, USER_id, post_date, post_text, rating) VALUES( 16630772808041631, 24, 'hahahoho', '2022-09-13', '맛나', 4);
INSERT INTO REVIEW(review_id, PLACE_id, USER_id, post_date, post_text, rating) VALUES( 16630774296583104, 25, 'wonbinkim', '2022-09-13', '신나', 4);
INSERT INTO REVIEW(review_id, PLACE_id, USER_id, post_date, post_text, rating) VALUES( 16630782150514017, 26, 'hahahoho', '2022-09-13', 'ㅇㅇ', 3);
INSERT INTO REVIEW(review_id, PLACE_id, USER_id, post_date, post_text, rating) VALUES( 16630792697916538, 27, 'wonbinkim', '2022-09-13', '업로드', 3);
INSERT INTO REVIEW(review_id, PLACE_id, USER_id, post_date, post_text, rating) VALUES( 16630793540396027, 28, 'wonbinkim', '2022-09-13', '단순', 4);
INSERT INTO REVIEW(review_id, PLACE_id, USER_id, post_date, post_text, rating) VALUES( 16630802691586148, 29, 'wonbinkim', '2022-09-13', 'ㅇㅇ', 3);
INSERT INTO REVIEW(review_id, PLACE_id, USER_id, post_date, post_text, rating) VALUES( 16630803308438204, 30, 'wonbinkim', '2022-09-13', '이것도', 4);
INSERT INTO REVIEW(review_id, PLACE_id, USER_id, post_date, post_text, rating) VALUES( 16632334007791094, 31, 'wonbinkim', '2022-09-15', '김치', 3);
INSERT INTO REVIEW(review_id, PLACE_id, USER_id, post_date, post_text, rating) VALUES( 16632334572542321, 32, 'wonbinkim', '2022-09-15', '폰', 3);

INSERT INTO REVIEW_IMAGE_LIST(image_id, REVIEW_id, image_url) VALUES( 16625516184267841, 16625516184206441, 'https://i.ibb.co/hdyZ3mp/03bb27c06c8a.jpg');
INSERT INTO REVIEW_IMAGE_LIST(image_id, REVIEW_id, image_url) VALUES( 16630774296584296, 16630774296583104, 'https://i.ibb.co/2hpxFsV/0988c0053fd8.jpg');
INSERT INTO REVIEW_IMAGE_LIST(image_id, REVIEW_id, image_url) VALUES( 16630782150523981, 16630782150514017, 'https://i.ibb.co/QvWRT6V/7bd1206dfa49.jpg');
INSERT INTO REVIEW_IMAGE_LIST(image_id, REVIEW_id, image_url) VALUES( 16630792697915613, 16630792697916538, 'https://i.ibb.co/Y3dtCps/9c40f02bcabc.jpg');
INSERT INTO REVIEW_IMAGE_LIST(image_id, REVIEW_id, image_url) VALUES( 16630793540391118, 16630793540396027, 'https://i.ibb.co/XpnCSzm/a7ac788ab5ec.jpg');
INSERT INTO REVIEW_IMAGE_LIST(image_id, REVIEW_id, image_url) VALUES( 16630802691595908, 16630802691586148, 'https://i.ibb.co/jfhH118/d72eb7b21bbb.jpg');
INSERT INTO REVIEW_IMAGE_LIST(image_id, REVIEW_id, image_url) VALUES( 16630803308438306, 16630803308438204, 'https://i.ibb.co/Wc2wJ2P/cute2.png');
INSERT INTO REVIEW_IMAGE_LIST(image_id, REVIEW_id, image_url) VALUES( 16632334007803162, 16632334007791094, 'https://i.ibb.co/mTscMYD/8d94801b82a3.png');


INSERT INTO COMMENT(comment_id, REVIEW_id, USER_id, comment_text, comment_date) VALUES(16618655171448798, 16618655171448796, 'wonbinkim', '댓으르르 123132qqwrqwr', '2022-08-30 22:30:27.071');
INSERT INTO COMMENT(comment_id, REVIEW_id, USER_id, comment_text, comment_date) VALUES(16618655171448799, 16618655171448796, 'wonbinkim', 'ㅇ눔너아ㅓ무', '2022-08-30 22:30:27.071');
INSERT INTO COMMENT(comment_id, REVIEW_id, USER_id, comment_text, comment_date) VALUES(16628235018494001, 16625591727992426, 'wonbinkim', '하이이이이', '2022-09-10 15:25:01.848');
